time[sec]	x[m]	z[m]	Theta_r[deg]	Theta_j[deg]	dx/dt[m/s]	dz/dt[m/s]	d(Theta_r)/dt[rad/sec]	d(Theta_j)/dt[rad/sec]	wheel torque	motor torque	body torque	
0.001	-0.200133	0.199995	89.9642	0.0357279	-0.0531184	0.108181	0	0	0	
0.002	-0.200502	0.199982	89.8639	0.121651	-0.187241	0.412277	0	0	1.87272	
0.003	-0.201031	0.199963	89.7173	0.204688	-0.339372	0.861221	0	0	4.74712	
0.004	-0.20167	0.199942	89.5362	0.25014	-0.468331	1.42157	0	0	5	
0.005	-0.20242	0.199922	89.3203	0.258955	-0.575233	2.09405	0	0	4.66497	
0.006	-0.203298	0.199908	89.0657	0.242874	-0.673973	2.88959	0	0	3.93238	
0.007	-0.204255	0.199903	88.7859	0.19571	-0.752094	3.76694	0	0	3.68193	
0.008	-0.20516	0.199901	88.5167	0.0887263	-0.76366	4.61705	0	0	2.98948	
0.009	-0.205995	0.199898	88.2647	-0.0620296	-0.722331	5.41838	0	0	0.670298	
0.01	-0.206879	0.199903	87.9995	-0.195693	-0.704626	6.25894	0	0	-1.19051	
0.011	-0.207822	0.199918	87.7195	-0.302939	-0.720988	7.14354	0	0	-0.372078	
0.012	-0.2087	0.199931	87.4565	-0.430374	-0.70874	7.97706	0	0	0.822806	
0.013	-0.209503	0.199938	87.2133	-0.581985	-0.662404	8.75086	0	0	-0.180142	
0.014	-0.210349	0.199952	86.9592	-0.710822	-0.644415	9.55614	0	0	-1.38621	
0.015	-0.211252	0.199979	86.691	-0.811996	-0.66136	10.4031	0	0	-0.402969	
0.016	-0.212098	0.2	86.4375	-0.930642	-0.653342	11.2053	0	0	0.822351	
0.017	-0.212873	0.20001	86.2027	-1.0731	-0.611903	11.9509	0	0	-0.05184	
0.018	-0.213681	0.200027	85.9597	-1.1972	-0.592952	12.72	0	0	-1.23288	
0.019	-0.214542	0.200057	85.7033	-1.29495	-0.60708	13.5282	0	0	-0.454546	
0.02	-0.215361	0.200081	85.4578	-1.40489	-0.60326	14.3028	0	0	0.705083	
0.021	-0.216116	0.200091	85.2295	-1.53688	-0.568411	15.0252	0	0	0.0772359	
0.022	-0.216887	0.200105	84.9968	-1.65675	-0.547656	15.7594	0	0	-1.01805	
0.023	-0.217705	0.200132	84.7525	-1.75274	-0.556523	16.5272	0	0	-0.533333	
0.024	-0.218499	0.200153	84.5144	-1.85401	-0.556551	17.2749	0	0	0.503787	
0.025	-0.219238	0.20016	84.2908	-1.97385	-0.530168	17.9782	0	0	0.195259	
0.026	-0.219978	0.200167	84.0671	-2.08853	-0.50861	18.6804	0	0	-0.735885	
0.027	-0.220752	0.200183	83.8345	-2.18369	-0.510742	19.4075	0	0	-0.574968	
0.028	-0.22152	0.200197	83.604	-2.27752	-0.512675	20.127	0	0	0.252684	
0.029	-0.222246	0.200198	83.3843	-2.38457	-0.495254	20.8128	0	0	0.246429	
0.03	-0.222961	0.200193	83.1676	-2.49206	-0.475241	21.4878	0	0	-0.435222	
0.031	-0.223697	0.200195	82.9457	-2.58598	-0.47096	22.1766	0	0	-0.532681	
0.032	-0.224435	0.200196	82.7232	-2.67423	-0.472061	22.8654	0	0	0.0149635	
0.033	-0.225149	0.200187	82.5074	-2.7694	-0.462082	23.5326	0	0	0.203191	
0.034	-0.225845	0.200169	82.2959	-2.86765	-0.445998	24.1847	0	0	-0.187026	
0.035	-0.226548	0.200152	82.0828	-2.95841	-0.437578	24.8399	0	0	-0.405758	
0.036	-0.227257	0.200136	81.8684	-3.04239	-0.435897	25.497	0	0	-0.141168	
0.037	-0.227954	0.200112	81.6572	-3.12775	-0.43031	26.1424	0	0	0.0934734	
0.038	-0.228635	0.200079	81.4499	-3.21583	-0.419067	26.7738	0	0	-0.0448233	
0.039	-0.229314	0.200043	81.2434	-3.30087	-0.409619	27.4009	0	0	-0.24618	
0.04	-0.229996	0.200004	81.0362	-3.38047	-0.405078	28.0277	0	0	-0.186816	
0.041	-0.230672	0.199961	80.8303	-3.45815	-0.400852	28.6484	0	0	-0.0170812	
0.042	-0.231339	0.19991	80.6271	-3.53657	-0.393496	29.2589	0	0	-0.00760454	
0.043	-0.231999	0.199853	80.4255	-3.61394	-0.385306	29.862	0	0	-0.119421	
0.044	-0.232659	0.199791	80.2243	-3.68789	-0.379326	30.4616	0	0	-0.151371	
0.045	-0.233315	0.199724	80.0236	-3.75895	-0.374845	31.0569	0	0	-0.0763554	
0.046	-0.233966	0.199651	79.8245	-3.82891	-0.369572	31.645	0	0	-0.0255716	
0.047	-0.234611	0.199571	79.627	-3.89793	-0.363279	32.226	0	0	-0.0550596	
0.048	-0.235252	0.199485	79.4304	-3.96486	-0.357419	32.8015	0	0	-0.0928435	
0.049	-0.235891	0.199393	79.2344	-4.02923	-0.3526	33.3723	0	0	-0.0798065	
0.05	-0.236525	0.199294	79.0394	-4.0916	-0.348072	33.9376	0	0	-0.0451035	
0.051	-0.237156	0.199189	78.8455	-4.15248	-0.343182	34.4967	0	0	-0.036562	
0.052	-0.237782	0.199077	78.6526	-4.21167	-0.338183	35.05	0	0	-0.050895	
0.053	-0.238405	0.198957	78.4605	-4.26876	-0.33357	35.598	0	0	-0.0564605	
0.054	-0.239025	0.198832	78.2692	-4.32375	-0.329356	36.1409	0	0	-0.0446055	
0.055	-0.239641	0.198699	78.0786	-4.37685	-0.325234	36.6785	0	0	-0.0321324	
0.056	-0.240254	0.198558	77.889	-4.42817	-0.32108	37.2105	0	0	-0.0303295	
0.057	-0.240864	0.198411	77.7	-4.4776	-0.317025	37.7372	0	0	-0.0329513	
0.058	-0.241471	0.198256	77.5118	-4.52502	-0.313194	38.2588	0	0	-0.0308573	
0.059	-0.242075	0.198094	77.3242	-4.57047	-0.30955	38.7753	0	0	-0.0243995	
0.06	-0.242676	0.197924	77.1373	-4.614	-0.306001	39.2866	0	0	-0.0191555	
0.061	-0.243274	0.197746	76.951	-4.65563	-0.302529	39.7929	0	0	-0.0170625	
0.062	-0.243869	0.197561	76.7653	-4.69532	-0.299173	40.2942	0	0	-0.0156158	
0.063	-0.244462	0.197368	76.5802	-4.73305	-0.295958	40.7905	0	0	-0.0127002	
0.064	-0.245052	0.197167	76.3956	-4.76883	-0.292867	41.282	0	0	-0.00890349	
0.065	-0.24564	0.196959	76.2116	-4.80268	-0.289875	41.7686	0	0	-0.00566862	
0.066	-0.246225	0.196742	76.028	-4.83458	-0.286977	42.2504	0	0	-0.00325951	
0.067	-0.246808	0.196517	75.8449	-4.86454	-0.284182	42.7274	0	0	-0.000978884	
0.068	-0.247389	0.196284	75.6623	-4.89256	-0.281491	43.1998	0	0	0.00161508	
0.069	-0.247967	0.196043	75.4801	-4.91862	-0.278898	43.6674	0	0	0.00432817	
0.07	-0.248544	0.195794	75.2983	-4.94275	-0.276394	44.1305	0	0	0.00683541	
0.071	-0.249118	0.195537	75.1169	-4.96493	-0.273978	44.589	0	0	0.00909994	
0.072	-0.24969	0.195271	74.9358	-4.98518	-0.271647	45.043	0	0	0.0112804	
0.073	-0.250261	0.194996	74.7551	-5.00349	-0.269401	45.4924	0	0	0.0134676	
0.074	-0.250829	0.194714	74.5746	-5.01986	-0.267234	45.9375	0	0	0.015619	
0.075	-0.251396	0.194422	74.3945	-5.0343	-0.265145	46.3781	0	0	0.0176678	
0.076	-0.251961	0.194123	74.2147	-5.04681	-0.263128	46.8145	0	0	0.0196056	
0.077	-0.252524	0.193814	74.0351	-5.0574	-0.261183	47.2465	0	0	0.0214638	
0.078	-0.253086	0.193497	73.8558	-5.06606	-0.259306	47.6742	0	0	0.0232614	
0.079	-0.253646	0.193171	73.6766	-5.07281	-0.257494	48.0977	0	0	0.0249918	
0.08	-0.254204	0.192837	73.4977	-5.07765	-0.255745	48.5171	0	0	0.0266427	
0.081	-0.254761	0.192494	73.319	-5.08058	-0.254055	48.9323	0	0	0.0282116	
0.082	-0.255317	0.192142	73.1405	-5.08161	-0.252423	49.3434	0	0	0.0297041	
0.083	-0.255871	0.191782	72.9621	-5.08075	-0.250844	49.7504	0	0	0.0311244	
0.084	-0.256424	0.191412	72.7838	-5.078	-0.249318	50.1534	0	0	0.0324721	
0.085	-0.256975	0.191034	72.6057	-5.07337	-0.247841	50.5525	0	0	0.0337455	
0.086	-0.257525	0.190646	72.4278	-5.06687	-0.24641	50.9476	0	0	0.0349442	
0.087	-0.258074	0.19025	72.2499	-5.05851	-0.245023	51.3388	0	0	0.0360693	
0.088	-0.258622	0.189845	72.0721	-5.04828	-0.243678	51.7262	0	0	0.0371219	
0.089	-0.259168	0.189431	71.8944	-5.03621	-0.242372	52.1097	0	0	0.0381025	
0.09	-0.259714	0.189008	71.7168	-5.02231	-0.241102	52.4894	0	0	0.0390111	
0.091	-0.260258	0.188576	71.5392	-5.00657	-0.239867	52.8654	0	0	0.0398481	
0.092	-0.260801	0.188134	71.3617	-4.98901	-0.238664	53.2377	0	0	0.0406139	
0.093	-0.261343	0.187684	71.1843	-4.96964	-0.23749	53.6063	0	0	0.0413092	
0.094	-0.261884	0.187225	71.0068	-4.94848	-0.236344	53.9712	0	0	0.0419344	
0.095	-0.262424	0.186756	70.8294	-4.92553	-0.235223	54.3326	0	0	0.04249	
0.096	-0.262963	0.186279	70.652	-4.9008	-0.234125	54.6904	0	0	0.0429765	
0.097	-0.2635	0.185792	70.4747	-4.87431	-0.233048	55.0446	0	0	0.0433942	
0.098	-0.264037	0.185296	70.2973	-4.84607	-0.231989	55.3953	0	0	0.0437439	
0.099	-0.264573	0.184791	70.1199	-4.81609	-0.230947	55.7426	0	0	0.044026	
0.1	-0.265108	0.184276	69.9426	-4.78438	-0.229919	56.0864	0	0	0.044241	
0.101	-0.265642	0.183753	69.7652	-4.75096	-0.228904	56.4269	0	0	0.0443894	
0.102	-0.266175	0.18322	69.5878	-4.71584	-0.2279	56.764	0	0	0.0444719	
0.103	-0.266708	0.182678	69.4104	-4.67904	-0.226904	57.0977	0	0	0.044489	
0.104	-0.267239	0.182126	69.233	-4.64056	-0.225915	57.4281	0	0	0.0444412	
0.105	-0.267769	0.181566	69.0555	-4.60044	-0.22493	57.7553	0	0	0.0443291	
0.106	-0.268299	0.180996	68.878	-4.55867	-0.223949	58.0793	0	0	0.0441533	
0.107	-0.268827	0.180417	68.7005	-4.51528	-0.222969	58.4	0	0	0.0439144	
0.108	-0.269355	0.179828	68.523	-4.47028	-0.221988	58.7175	0	0	0.0436131	
0.109	-0.269882	0.17923	68.3454	-4.42369	-0.221005	59.032	0	0	0.0432499	
0.11	-0.270408	0.178623	68.1678	-4.37552	-0.220018	59.3433	0	0	0.0428254	
0.111	-0.270933	0.178006	67.9902	-4.3258	-0.219025	59.6515	0	0	0.0423404	
0.112	-0.271457	0.17738	67.8125	-4.27454	-0.218024	59.9566	0	0	0.0417954	
0.113	-0.27198	0.176744	67.6349	-4.22175	-0.217015	60.2588	0	0	0.041191	
0.114	-0.272502	0.176099	67.4571	-4.16746	-0.215996	60.558	0	0	0.0405281	
0.115	-0.273023	0.175445	67.2794	-4.11168	-0.214964	60.8541	0	0	0.0398071	
0.116	-0.273544	0.174781	67.1016	-4.05444	-0.213919	61.1474	0	0	0.0390289	
0.117	-0.274063	0.174108	66.9239	-3.99575	-0.212859	61.4378	0	0	0.038194	
0.118	-0.274582	0.173425	66.7461	-3.93563	-0.211783	61.7252	0	0	0.0373032	
0.119	-0.275099	0.172733	66.5682	-3.8741	-0.210689	62.0099	0	0	0.0363572	
0.12	-0.275616	0.172031	66.3904	-3.81118	-0.209576	62.2917	0	0	0.0353567	
0.121	-0.276132	0.17132	66.2126	-3.7469	-0.208442	62.5707	0	0	0.0343025	
0.122	-0.276646	0.170599	66.0348	-3.68126	-0.207287	62.847	0	0	0.0331952	
0.123	-0.27716	0.169869	65.857	-3.6143	-0.206109	63.1205	0	0	0.0320356	
0.124	-0.277672	0.169129	65.6792	-3.54604	-0.204907	63.3913	0	0	0.0308244	
0.125	-0.278184	0.168379	65.5014	-3.47649	-0.20368	63.6594	0	0	0.0295625	
0.126	-0.278694	0.16762	65.3236	-3.40567	-0.202426	63.9248	0	0	0.0282505	
0.127	-0.279203	0.166851	65.1459	-3.33362	-0.201144	64.1877	0	0	0.0268892	
0.128	-0.279711	0.166073	64.9682	-3.26035	-0.199834	64.4479	0	0	0.0254794	
0.129	-0.280218	0.165285	64.7906	-3.18588	-0.198494	64.7055	0	0	0.024022	
0.13	-0.280724	0.164487	64.613	-3.11024	-0.197124	64.9606	0	0	0.0225175	
0.131	-0.281228	0.16368	64.4355	-3.03345	-0.195721	65.2132	0	0	0.020967	
0.132	-0.281732	0.162863	64.258	-2.95554	-0.194286	65.4632	0	0	0.0193712	
0.133	-0.282234	0.162036	64.0807	-2.87652	-0.192818	65.7108	0	0	0.0177308	
0.134	-0.282735	0.161199	63.9034	-2.79642	-0.191315	65.9559	0	0	0.0160468	
0.135	-0.283234	0.160353	63.7262	-2.71527	-0.189777	66.1986	0	0	0.0143199	
0.136	-0.283732	0.159497	63.5492	-2.63309	-0.188202	66.4388	0	0	0.012551	
0.137	-0.284229	0.158631	63.3723	-2.5499	-0.186591	66.6767	0	0	0.0107409	
0.138	-0.284725	0.157755	63.1955	-2.46573	-0.184942	66.9122	0	0	0.00889041	
0.139	-0.285219	0.15687	63.0188	-2.38061	-0.183255	67.1454	0	0	0.00700044	
0.14	-0.285711	0.155974	62.8423	-2.29455	-0.181529	67.3763	0	0	0.00507184	
0.141	-0.286202	0.155069	62.666	-2.20758	-0.179763	67.6048	0	0	0.00310545	
0.142	-0.286692	0.154153	62.4898	-2.11974	-0.177956	67.8311	0	0	0.00110214	
0.143	-0.28718	0.153228	62.3139	-2.03104	-0.176109	68.0552	0	0	-0.000937213	
0.144	-0.287666	0.152293	62.1381	-1.94151	-0.17422	68.277	0	0	-0.00301174	
0.145	-0.288151	0.151348	61.9626	-1.85118	-0.172289	68.4967	0	0	-0.00512055	
0.146	-0.288634	0.150392	61.7873	-1.76007	-0.170316	68.7141	0	0	-0.00726277	
0.147	-0.289116	0.149427	61.6122	-1.6682	-0.168299	68.9294	0	0	-0.0094375	
0.148	-0.289595	0.148451	61.4374	-1.57562	-0.166239	69.1425	0	0	-0.0116438	
0.149	-0.290073	0.147466	61.2629	-1.48233	-0.164135	69.3536	0	0	-0.0138809	
0.15	-0.290549	0.14647	61.0886	-1.38838	-0.161987	69.5625	0	0	-0.0161478	
0.151	-0.291024	0.145464	60.9147	-1.29378	-0.159794	69.7693	0	0	-0.0184436	
0.152	-0.291496	0.144448	60.7411	-1.19856	-0.157556	69.9741	0	0	-0.0207674	
0.153	-0.291967	0.143422	60.5678	-1.10275	-0.155273	70.1769	0	0	-0.0231183	
0.154	-0.292436	0.142385	60.3948	-1.00637	-0.152944	70.3777	0	0	-0.0254954	
0.155	-0.292902	0.141338	60.2222	-0.909462	-0.15057	70.5764	0	0	-0.0278977	
0.156	-0.293367	0.140281	60.05	-0.812043	-0.148149	70.7732	0	0	-0.0303243	
0.157	-0.29383	0.139214	59.8781	-0.714141	-0.145683	70.968	0	0	-0.0327744	
0.158	-0.29429	0.138136	59.7067	-0.615785	-0.14317	71.1609	0	0	-0.0352469	
0.159	-0.294749	0.137047	59.5357	-0.517002	-0.140611	71.3519	0	0	-0.037741	
0.16	-0.295205	0.135949	59.3651	-0.41782	-0.138005	71.5409	0	0	-0.0402558	
0.161	-0.295659	0.134839	59.195	-0.318266	-0.135352	71.7281	0	0	-0.0427902	
0.162	-0.296111	0.133719	59.0254	-0.218368	-0.132653	71.9135	0	0	-0.0453433	
0.163	-0.296561	0.132589	58.8562	-0.118154	-0.129907	72.097	0	0	-0.0479143	
0.164	-0.297008	0.131448	58.6876	-0.0176512	-0.127115	72.2786	0	0	-0.0505022	
0.165	-0.297453	0.130296	58.5195	0.0831122	-0.124276	72.4585	0	0	-0.053106	
0.166	-0.297895	0.129133	58.3519	0.184109	-0.12139	72.6366	0	0	-0.0557248	
0.167	-0.298336	0.12796	58.1848	0.28531	-0.118458	72.8129	0	0	-0.0583576	
0.168	-0.298773	0.126776	58.0184	0.386688	-0.115479	72.9874	0	0	-0.0610036	
0.169	-0.299209	0.125582	57.8525	0.488216	-0.112454	73.1602	0	0	-0.0636618	
0.17	-0.299641	0.124376	57.6872	0.589865	-0.109383	73.3313	0	0	-0.0663313	
0.171	-0.300071	0.123159	57.5225	0.691608	-0.106267	73.5007	0	0	-0.069011	
0.172	-0.300499	0.121932	57.3585	0.793417	-0.103104	73.6684	0	0	-0.0717001	
0.173	-0.300924	0.120694	57.1952	0.895264	-0.0998965	73.8344	0	0	-0.0743977	
0.174	-0.301346	0.119444	57.0325	0.997121	-0.0966436	73.9988	0	0	-0.0771027	
0.175	-0.301766	0.118184	56.8705	1.09896	-0.0933457	74.1616	0	0	-0.0798143	
0.176	-0.302182	0.116912	56.7092	1.20076	-0.0900034	74.3227	0	0	-0.0825315	
0.177	-0.302596	0.115629	56.5487	1.30248	-0.0866168	74.4823	0	0	-0.0852535	
0.178	-0.303008	0.114335	56.3889	1.4041	-0.0831863	74.6402	0	0	-0.0879791	
0.179	-0.303416	0.11303	56.2299	1.50559	-0.0797124	74.7966	0	0	-0.0907077	
0.18	-0.303821	0.111713	56.0716	1.60693	-0.0761954	74.9514	0	0	-0.0934381	
0.181	-0.304224	0.110385	55.9142	1.70809	-0.0726358	75.1047	0	0	-0.0961695	
0.182	-0.304624	0.109046	55.7575	1.80904	-0.0690339	75.2564	0	0	-0.0989009	
0.183	-0.30502	0.107695	55.6017	1.90974	-0.0653903	75.4067	0	0	-0.101632	
0.184	-0.305414	0.106333	55.4468	2.01019	-0.0617054	75.5554	0	0	-0.10436	
0.185	-0.305804	0.104959	55.2927	2.11034	-0.0579798	75.7027	0	0	-0.107086	
0.186	-0.306192	0.103574	55.1395	2.21018	-0.054214	75.8485	0	0	-0.109809	
0.187	-0.306576	0.102177	54.9873	2.30967	-0.0504086	75.9929	0	0	-0.112527	
0.188	-0.306957	0.100769	54.8359	2.40879	-0.046564	76.1358	0	0	-0.11524	
0.189	-0.307335	0.0993483	54.6855	2.50752	-0.042681	76.2773	0	0	-0.117946	
0.19	-0.30771	0.0979162	54.536	2.60582	-0.0387601	76.4174	0	0	-0.120645	
0.191	-0.308082	0.0964723	54.3876	2.70367	-0.0348019	76.5561	0	0	-0.123336	
0.192	-0.30845	0.0950165	54.2401	2.80104	-0.0308071	76.6935	0	0	-0.126018	
0.193	-0.308815	0.0935488	54.0936	2.89791	-0.0267764	76.8294	0	0	-0.128691	
0.194	-0.309177	0.0920692	53.9482	2.99425	-0.0227104	76.964	0	0	-0.131352	
0.195	-0.309536	0.0905775	53.8038	3.09004	-0.0186099	77.0973	0	0	-0.134002	
0.196	-0.309891	0.0890737	53.6605	3.18525	-0.0144755	77.2292	0	0	-0.136639	
0.197	-0.310242	0.0875578	53.5182	3.27986	-0.010308	77.3599	0	0	-0.139264	
0.198	-0.310591	0.0860298	53.3771	3.37384	-0.00610823	77.4892	0	0	-0.141874	
0.199	-0.310936	0.0844895	53.2371	3.46716	-0.00187686	77.6172	0	0	-0.144469	
0.2	-0.311277	0.082937	53.0982	3.55981	0.00238531	77.744	0	0	-0.147048	
0.201	-0.311615	0.0813722	52.9604	3.65175	0.00667746	77.8695	0	0	-0.14961	
0.202	-0.311949	0.079795	52.8238	3.74296	0.0109988	77.9938	0	0	-0.152155	
0.203	-0.31228	0.0782053	52.6885	3.83343	0.0153484	78.1168	0	0	-0.154682	
0.204	-0.312607	0.0766033	52.5543	3.92312	0.0197256	78.2386	0	0	-0.157189	
0.205	-0.312931	0.0749887	52.4213	4.01201	0.0241294	78.3592	0	0	-0.159677	
0.206	-0.313251	0.0733615	52.2895	4.10007	0.0285589	78.4786	0	0	-0.162144	
0.207	-0.313567	0.0717217	52.159	4.1873	0.0330133	78.5968	0	0	-0.164589	
0.208	-0.31388	0.0700693	52.0298	4.27365	0.0374917	78.7138	0	0	-0.167012	
0.209	-0.314189	0.0684041	51.9018	4.35912	0.0419932	78.8297	0	0	-0.169412	
0.21	-0.314494	0.0667262	51.7752	4.44367	0.0465167	78.9444	0	0	-0.171788	
0.211	-0.314796	0.0650355	51.6498	4.52728	0.0510615	79.058	0	0	-0.17414	
0.212	-0.315094	0.063332	51.5258	4.60994	0.0556265	79.1704	0	0	-0.176466	
0.213	-0.315388	0.0616155	51.4031	4.69162	0.0602108	79.2818	0	0	-0.178766	
0.214	-0.315679	0.0598861	51.2818	4.77231	0.0648134	79.392	0	0	-0.181039	
0.215	-0.315965	0.0581437	51.1618	4.85197	0.0694333	79.5011	0	0	-0.183285	
0.216	-0.316248	0.0563882	51.0433	4.93058	0.0740695	79.6091	0	0	-0.185502	
0.217	-0.316527	0.0546197	50.9261	5.00814	0.0787211	79.7161	0	0	-0.18769	
0.218	-0.316802	0.052838	50.8103	5.08462	0.083387	79.822	0	0	-0.189849	
0.219	-0.317074	0.0510432	50.696	5.15999	0.0880661	79.9268	0	0	-0.191978	
0.22	-0.317341	0.0492351	50.5831	5.23424	0.0927576	80.0306	0	0	-0.194075	
0.221	-0.317605	0.0474138	50.4716	5.30735	0.0974602	80.1334	0	0	-0.196141	
0.222	-0.317865	0.0455792	50.3616	5.3793	0.102173	80.2351	0	0	-0.198174	
0.223	-0.318121	0.0437312	50.2531	5.45007	0.106895	80.3358	0	0	-0.200174	
0.224	-0.318373	0.0418698	50.1461	5.51965	0.111625	80.4355	0	0	-0.202141	
0.225	-0.318621	0.039995	50.0406	5.58801	0.116362	80.5343	0	0	-0.204074	
0.226	-0.318865	0.0381067	49.9366	5.65513	0.121105	80.632	0	0	-0.205971	
0.227	-0.319106	0.0362049	49.8342	5.72101	0.125853	80.7288	0	0	-0.207833	
0.228	-0.319342	0.0342895	49.7333	5.78562	0.130604	80.8246	0	0	-0.209659	
0.229	-0.319575	0.0323605	49.6339	5.84895	0.135358	80.9194	0	0	-0.211449	
0.23	-0.319803	0.0304179	49.5361	5.91098	0.140114	81.0133	0	0	-0.213201	
0.231	-0.320028	0.0284616	49.4399	5.97169	0.14487	81.1063	0	0	-0.214915	
0.232	-0.320248	0.0264916	49.3452	6.03107	0.149626	81.1983	0	0	-0.216591	
0.233	-0.320465	0.0245079	49.2522	6.0891	0.15438	81.2894	0	0	-0.218229	
0.234	-0.321023	0.0229421	49.042	6.26439	0.103688	81.4691	0	0	-0.219826	
0.235	-0.322107	0.0220315	48.6474	6.60951	-0.0102417	81.7721	0	0	1.73328	
0.236	-0.323466	0.0214709	48.1486	7.01321	-0.10342	82.1122	0	0	3.98048	
0.237	-0.324975	0.0211103	47.586	7.42376	-0.140152	82.4497	0	0	3.28865	
0.238	-0.326587	0.0208902	46.9773	7.84296	-0.135879	82.7755	0	0	1.33109	
0.239	-0.328274	0.0207751	46.3334	8.28457	-0.115654	83.0864	0	0	-0.101711	
0.24	-0.330015	0.0207346	45.6634	8.75385	-0.0928579	83.3786	0	0	-0.665617	
0.241	-0.331787	0.0207419	44.9752	9.24774	-0.0696816	83.6475	0	0	-0.763321	
0.242	-0.333578	0.0207835	44.2724	9.76304	-0.0452174	83.8905	0	0	-0.784683	
0.243	-0.335386	0.0208582	43.5557	10.2995	-0.0196752	84.1075	0	0	-0.838178	
0.244	-0.337209	0.0209666	42.825	10.8576	0.00633273	84.2984	0	0	-0.884724	
0.245	-0.339047	0.0211106	42.0803	11.4377	0.0318702	84.4647	0	0	-0.910057	
0.246	-0.340899	0.0212972	41.3211	12.0401	0.0548767	84.611	0	0	-0.902552	
0.247	-0.342766	0.021534	40.5466	12.6645	0.0737462	84.7429	0	0	-0.822233	
0.248	-0.344646	0.0218244	39.7574	13.3086	0.0890508	84.8639	0	0	-0.684414	
0.249	-0.346532	0.0221671	38.9543	13.9692	0.102591	84.9759	0	0	-0.565313	
0.25	-0.34842	0.0225585	38.1392	14.643	0.11597	85.0797	0	0	-0.508457	
0.251	-0.350303	0.022993	37.3139	15.3272	0.130037	85.1759	0	0	-0.5075	
0.252	-0.352175	0.0234638	36.4809	16.0194	0.145085	85.2648	0	0	-0.536422	
0.253	-0.354027	0.0239621	35.6426	16.7172	0.161214	85.3464	0	0	-0.575924	
0.254	-0.355853	0.024478	34.8021	17.4178	0.178518	85.4208	0	0	-0.619288	
0.255	-0.357646	0.0250006	33.9625	18.1186	0.19709	85.4879	0	0	-0.66632	
0.256	-0.359399	0.0255181	33.127	18.8165	0.216975	85.5476	0	0	-0.717089	
0.257	-0.361108	0.0260257	32.297	19.5107	0.237374	85.601	0	0	-0.769869	
0.258	-0.362776	0.0265258	31.4723	20.2016	0.257027	85.6502	0	0	-0.794913	
0.259	-0.364402	0.0270193	30.6527	20.889	0.275585	85.6967	0	0	-0.77574	
0.26	-0.365988	0.0275063	29.8382	21.5723	0.293483	85.7411	0	0	-0.743995	
0.261	-0.367534	0.027986	29.029	22.2507	0.311288	85.784	0	0	-0.727206	
0.262	-0.369038	0.0284577	28.2252	22.9234	0.32932	85.8257	0	0	-0.730141	
0.263	-0.370503	0.0289206	27.4268	23.5904	0.347665	85.8664	0	0	-0.744415	
0.264	-0.371927	0.0293738	26.634	24.2513	0.366309	85.9065	0	0	-0.761692	
0.265	-0.373312	0.0298163	25.8469	24.906	0.385251	85.9461	0	0	-0.778698	
0.266	-0.374657	0.030247	25.0657	25.5542	0.404511	85.9853	0	0	-0.795672	
0.267	-0.375963	0.0306649	24.2905	26.1958	0.424117	86.0242	0	0	-0.813507	
0.268	-0.37723	0.0310689	23.5214	26.8306	0.444083	86.0627	0	0	-0.832399	
0.269	-0.378459	0.0314578	22.7585	27.4584	0.46441	86.1011	0	0	-0.85195	
0.27	-0.37965	0.0318304	22.002	28.0791	0.485095	86.1392	0	0	-0.871688	
0.271	-0.380804	0.0321858	21.2521	28.6924	0.506127	86.1771	0	0	-0.891346	
0.272	-0.38192	0.0325227	20.5088	29.2983	0.5275	86.2149	0	0	-0.910846	
0.273	-0.383001	0.0328401	19.7724	29.8966	0.549205	86.2526	0	0	-0.930183	
0.274	-0.384045	0.033137	19.0428	30.4872	0.571232	86.2901	0	0	-0.949342	
0.275	-0.385054	0.0334123	18.3204	31.0699	0.593571	86.3274	0	0	-0.96829	
0.276	-0.386029	0.0336649	17.6051	31.6447	0.616212	86.3647	0	0	-0.986993	
0.277	-0.386969	0.0338939	16.8972	32.2112	0.639144	86.4019	0	0	-1.00542	
0.278	-0.387877	0.0340983	16.1966	32.7695	0.662355	86.439	0	0	-1.02357	
0.279	-0.388751	0.034277	15.5037	33.3194	0.685834	86.4759	0	0	-1.04142	
0.28	-0.389594	0.0344292	14.8184	33.8608	0.70957	86.5128	0	0	-1.05897	
0.281	-0.390406	0.034554	14.141	34.3935	0.733551	86.5496	0	0	-1.07622	
0.282	-0.391188	0.0346505	13.4714	34.9174	0.757766	86.5864	0	0	-1.09315	
0.283	-0.391939	0.0347177	12.8099	35.4324	0.782203	86.623	0	0	-1.10977	
0.284	-0.392662	0.0347549	12.1565	35.9384	0.806852	86.6596	0	0	-1.12607	
0.285	-0.393357	0.0347613	11.5114	36.4352	0.8317	86.6961	0	0	-1.14204	
0.286	-0.394025	0.0347361	10.8746	36.9227	0.856737	86.7326	0	0	-1.15769	
0.287	-0.394667	0.0346784	10.2463	37.4009	0.881952	86.769	0	0	-1.17301	
0.288	-0.395283	0.0345877	9.62657	37.8696	0.907332	86.8053	0	0	-1.188	
0.289	-0.395875	0.0344631	9.01548	38.3286	0.932867	86.8416	0	0	-1.20266	
0.29	-0.396443	0.034304	8.41315	38.778	0.958546	86.8778	0	0	-1.21698	
0.291	-0.396988	0.0341098	7.81966	39.2175	0.984358	86.914	0	0	-1.23097	
0.292	-0.397511	0.0338799	7.23512	39.6471	1.01029	86.9501	0	0	-1.24461	
0.293	-0.398013	0.0336135	6.65961	40.0667	1.03634	86.9861	0	0	-1.25792	
0.294	-0.398495	0.0333102	6.09322	40.4761	1.06248	87.0221	0	0	-1.27089	
0.295	-0.398958	0.0329695	5.53604	40.8753	1.08872	87.058	0	0	-1.28352	
0.296	-0.399402	0.0325907	4.98814	41.2642	1.11503	87.0939	0	0	-1.2958	
0.297	-0.399829	0.0321735	4.44961	41.6427	1.14141	87.1297	0	0	-1.30774	
0.298	-0.400239	0.0317173	3.92052	42.0106	1.16785	87.1654	0	0	-1.31934	
0.299	-0.400634	0.0312217	3.40095	42.368	1.19434	87.2011	0	0	-1.33059	
0.3	-0.401014	0.0306863	2.89097	42.7147	1.22086	87.2367	0	0	-1.34149	
0.301	-0.40138	0.0301107	2.39065	43.0506	1.24742	87.2722	0	0	-1.35205	
0.302	-0.401733	0.0294945	1.90006	43.3757	1.27399	87.3076	0	0	-1.36226	
0.303	-0.402073	0.0288373	1.41926	43.6899	1.30056	87.343	0	0	-1.37212	
0.304	-0.402403	0.0281389	0.948315	43.993	1.32713	87.3782	0	0	-1.38164	
0.305	-0.402722	0.027399	0.487286	44.2851	1.35369	87.4134	0	0	-1.3908	
0.306	-0.403031	0.0266172	0.0362287	44.5661	1.38023	87.4485	0	0	-1.39962	
0.307	-0.403332	0.0257934	-0.404802	44.8359	1.40673	87.4835	0	0	-1.40809	
0.308	-0.403624	0.0249272	-0.835754	45.0944	1.43319	87.5184	0	0	-1.4162	
0.309	-0.403927	0.024319	-1.32497	45.4099	1.43556	87.5852	0	0	-1.42397	
0.31	-0.404238	0.0240791	-1.89904	45.8026	1.41458	87.6901	0	0	-0.583773	
0.311	-0.404536	0.0239485	-2.5022	46.2044	1.40966	87.794	0	0	0.238624	
0.312	-0.404815	0.0238493	-3.11814	46.597	1.43144	87.8835	0	0	-0.32043	
0.313	-0.405075	0.0237734	-3.74405	46.9884	1.46672	87.9614	0	0	-1.25997	
0.314	-0.40532	0.0237193	-4.37826	47.3873	1.50201	88.0327	0	0	-1.74349	
0.315	-0.405549	0.0236796	-5.01844	47.7946	1.53289	88.0991	0	0	-1.756	
0.316	-0.405761	0.0236471	-5.66267	48.2074	1.56082	88.1611	0	0	-1.61287	
0.317	-0.405955	0.023618	-6.30999	48.6226	1.58801	88.2188	0	0	-1.51984	
0.318	-0.406131	0.0235915	-6.96002	49.039	1.61532	88.2729	0	0	-1.50335	
0.319	-0.406289	0.0235674	-7.61255	49.4561	1.64264	88.3243	0	0	-1.51715	
0.32	-0.406427	0.0235454	-8.26736	49.8736	1.66973	88.3735	0	0	-1.52728	
0.321	-0.406546	0.023525	-8.92424	50.2912	1.69653	88.4211	0	0	-1.52846	
0.322	-0.406647	0.0235056	-9.58302	50.7086	1.72313	88.4673	0	0	-1.52765	
0.323	-0.406728	0.0234869	-10.2436	51.1254	1.74964	88.5124	0	0	-1.53	
0.324	-0.406789	0.0234687	-10.9059	51.5414	1.7761	88.5566	0	0	-1.53594	
0.325	-0.406831	0.0234508	-11.5698	51.9565	1.80255	88.6	0	0	-1.54386	
0.326	-0.406853	0.023433	-12.2354	52.3705	1.829	88.6427	0	0	-1.55253	
0.327	-0.406855	0.0234152	-12.9026	52.7834	1.85545	88.685	0	0	-1.56155	
0.328	-0.406837	0.0233973	-13.5715	53.1951	1.88192	88.7267	0	0	-1.57098	
0.329	-0.4068	0.0233793	-14.242	53.6056	1.90842	88.7681	0	0	-1.58085	
0.33	-0.406742	0.0233611	-14.9142	54.0148	1.93495	88.8091	0	0	-1.59109	
0.331	-0.406664	0.0233427	-15.588	54.4226	1.96152	88.8497	0	0	-1.60159	
0.332	-0.406566	0.023324	-16.2636	54.8292	1.98814	88.8901	0	0	-1.61225	
0.333	-0.406447	0.023305	-16.941	55.2345	2.01479	88.9302	0	0	-1.62301	
0.334	-0.406308	0.0232856	-17.6201	55.6384	2.0415	88.9701	0	0	-1.63385	
0.335	-0.406148	0.0232659	-18.301	56.041	2.06825	89.0097	0	0	-1.64474	
0.336	-0.405967	0.0232459	-18.9839	56.4422	2.09504	89.0491	0	0	-1.65565	
0.337	-0.405766	0.0232254	-19.6686	56.8422	2.12188	89.0883	0	0	-1.66657	
0.338	-0.405544	0.0232045	-20.3553	57.2408	2.14876	89.1272	0	0	-1.67747	
0.339	-0.4053	0.0231833	-21.0441	57.6382	2.17568	89.166	0	0	-1.68834	
0.34	-0.405036	0.0231616	-21.7348	58.0343	2.20264	89.2046	0	0	-1.69918	
0.341	-0.40475	0.0231394	-22.4277	58.429	2.22964	89.2429	0	0	-1.70998	
0.342	-0.404443	0.0231169	-23.1227	58.8226	2.25667	89.2811	0	0	-1.72072	
0.343	-0.404114	0.0230938	-23.82	59.2148	2.28374	89.3191	0	0	-1.73142	
0.344	-0.403763	0.0230703	-24.5194	59.6059	2.31084	89.3569	0	0	-1.74205	
0.345	-0.403391	0.0230463	-25.2212	59.9957	2.33797	89.3945	0	0	-1.75262	
0.346	-0.402996	0.0230218	-25.9254	60.3843	2.36513	89.4319	0	0	-1.76313	
0.347	-0.40258	0.0229967	-26.6319	60.7718	2.39231	89.4691	0	0	-1.77356	
0.348	-0.402141	0.0229711	-27.3409	61.158	2.41952	89.5062	0	0	-1.78393	
0.349	-0.40168	0.022945	-28.0524	61.5431	2.44674	89.543	0	0	-1.79422	
0.35	-0.401196	0.0229183	-28.7664	61.9271	2.47399	89.5797	0	0	-1.80444	
0.351	-0.40069	0.022891	-29.4831	62.3099	2.50125	89.6162	0	0	-1.81457	
0.352	-0.40016	0.0228631	-30.2025	62.6916	2.52852	89.6526	0	0	-1.82463	
0.353	-0.399608	0.0228346	-30.9246	63.0722	2.5558	89.6887	0	0	-1.83461	
0.354	-0.399032	0.0228054	-31.6494	63.4517	2.58309	89.7247	0	0	-1.84451	
0.355	-0.398433	0.0227755	-32.3771	63.8301	2.61039	89.7606	0	0	-1.85432	
0.356	-0.397811	0.022745	-33.1077	64.2075	2.63769	89.7962	0	0	-1.86404	
0.357	-0.397165	0.0227137	-33.8412	64.5838	2.66499	89.8317	0	0	-1.87367	
0.358	-0.396494	0.0226817	-34.5778	64.9591	2.69229	89.867	0	0	-1.88321	
0.359	-0.3958	0.0226488	-35.3174	65.3334	2.71958	89.9022	0	0	-1.89265	
0.36	-0.395082	0.0226152	-36.0601	65.7066	2.74686	89.9372	0	0	-1.90199	
0.361	-0.394339	0.0225807	-36.8061	66.0789	2.77414	89.972	0	0	-1.91124	
0.362	-0.393572	0.0225454	-37.5552	66.4502	2.8014	90.0067	0	0	-1.92038	
0.363	-0.39278	0.0225091	-38.3077	66.8205	2.82864	90.0412	0	0	-1.92941	
0.364	-0.391963	0.022472	-39.0635	67.1898	2.85586	90.0756	0	0	-1.93833	
0.365	-0.39112	0.0224338	-39.8227	67.5581	2.88306	90.1098	0	0	-1.94714	
0.366	-0.390253	0.0223946	-40.5854	67.9255	2.91024	90.1439	0	0	-1.95583	
0.367	-0.38936	0.0223543	-41.3517	68.292	2.93738	90.1779	0	0	-1.9644	
0.368	-0.388442	0.022313	-42.1215	68.6574	2.96449	90.2117	0	0	-1.97285	
0.369	-0.387498	0.0222705	-42.8949	69.022	2.99157	90.2454	0	0	-1.98116	
0.37	-0.386527	0.0222268	-43.6721	69.3855	3.0186	90.2789	0	0	-1.98934	
0.371	-0.385531	0.0221819	-44.453	69.7481	3.04559	90.3124	0	0	-1.99737	
0.372	-0.384509	0.0221356	-45.2377	70.1098	3.07253	90.3457	0	0	-2.00526	
0.373	-0.38346	0.0220881	-46.0263	70.4704	3.09942	90.3789	0	0	-2.013	
0.374	-0.382385	0.0220391	-46.8188	70.8301	3.12626	90.412	0	0	-2.02058	
0.375	-0.381283	0.0219887	-47.6152	71.1887	3.15304	90.4449	0	0	-2.028	
0.376	-0.380154	0.0219368	-48.4157	71.5464	3.17975	90.4778	0	0	-2.03525	
0.377	-0.378999	0.0218833	-49.2202	71.9029	3.20639	90.5106	0	0	-2.04232	
0.378	-0.377817	0.0218283	-50.0288	72.2584	3.23295	90.5432	0	0	-2.0492	
0.379	-0.376608	0.0217715	-50.8415	72.6127	3.25944	90.5758	0	0	-2.05589	
0.38	-0.375372	0.021713	-51.6584	72.9658	3.28585	90.6083	0	0	-2.06238	
0.381	-0.374109	0.0216527	-52.4795	73.3177	3.31216	90.6408	0	0	-2.06867	
0.382	-0.372819	0.0215905	-53.3047	73.6683	3.33838	90.6731	0	0	-2.07474	
0.383	-0.371501	0.0215264	-54.1342	74.0176	3.3645	90.7054	0	0	-2.08058	
0.384	-0.370158	0.0214603	-54.968	74.3654	3.39052	90.7376	0	0	-2.08619	
0.385	-0.368787	0.0213921	-55.806	74.7116	3.41642	90.7698	0	0	-2.09156	
0.386	-0.36739	0.0213219	-56.6482	75.0563	3.4422	90.8019	0	0	-2.09667	
0.387	-0.365966	0.0212495	-57.4946	75.3992	3.46786	90.8339	0	0	-2.10153	
0.388	-0.364516	0.0211748	-58.3452	75.7403	3.49338	90.8659	0	0	-2.10612	
0.389	-0.36304	0.0210979	-59.2	76.0793	3.51877	90.8978	0	0	-2.11043	
0.39	-0.361538	0.0210186	-60.0588	76.4162	3.54401	90.9297	0	0	-2.11445	
0.391	-0.360011	0.020937	-60.9217	76.7507	3.5691	90.9616	0	0	-2.11819	
0.392	-0.35846	0.020853	-61.7886	77.0827	3.59403	90.9934	0	0	-2.12162	
0.393	-0.356884	0.0207665	-62.6593	77.412	3.61879	91.0252	0	0	-2.12475	
0.394	-0.355284	0.0206777	-63.5338	77.7383	3.64338	91.0569	0	0	-2.12758	
0.395	-0.353662	0.0205864	-64.4119	78.0613	3.66779	91.0885	0	0	-2.13009	
0.396	-0.352017	0.0204928	-65.2934	78.3809	3.69201	91.1201	0	0	-2.13229	
0.397	-0.350352	0.0203967	-66.1782	78.6966	3.71603	91.1516	0	0	-2.13418	
0.398	-0.348665	0.0202984	-67.0661	79.0082	3.73986	91.1831	0	0	-2.13576	
0.399	-0.34696	0.0201978	-67.9568	79.3153	3.76347	91.2144	0	0	-2.13705	
0.4	-0.345237	0.0200951	-68.8501	79.6174	3.78688	91.2456	0	0	-2.13805	
0.401	-0.343497	0.0199904	-69.7457	79.9142	3.81006	91.2767	0	0	-2.13877	
0.402	-0.341741	0.0198839	-70.6433	80.2052	3.83302	91.3076	0	0	-2.13925	
0.403	-0.339972	0.0197758	-71.5424	80.4899	3.85576	91.3383	0	0	-2.1395	
0.404	-0.338191	0.0196663	-72.4428	80.7678	3.87827	91.3688	0	0	-2.13955	
0.405	-0.3364	0.0195558	-73.344	81.0383	3.90054	91.399	0	0	-2.13944	
0.406	-0.3346	0.0194445	-74.2456	81.3008	3.92259	91.4288	0	0	-2.13921	
0.407	-0.332795	0.0193329	-75.1469	81.5547	3.94442	91.4582	0	0	-2.13892	
0.408	-0.330985	0.0192213	-76.0476	81.7994	3.96602	91.4872	0	0	-2.13862	
0.409	-0.329174	0.0191104	-76.9471	82.0341	3.9874	91.5157	0	0	-2.13838	
0.41	-0.327364	0.0190006	-77.8446	82.2581	4.00857	91.5435	0	0	-2.13827	
0.411	-0.325557	0.0188926	-78.7397	82.4706	4.02955	91.5706	0	0	-2.13838	
0.412	-0.323756	0.018787	-79.6316	82.671	4.05034	91.5969	0	0	-2.13877	
0.413	-0.321964	0.0186845	-80.5196	82.8583	4.07096	91.6223	0	0	-2.13956	
0.414	-0.320183	0.0185859	-81.4031	83.0319	4.09143	91.6466	0	0	-2.14084	
0.415	-0.318417	0.0184921	-82.2812	83.1908	4.11177	91.6698	0	0	-2.14271	
0.416	-0.316668	0.0184039	-83.1532	83.3344	4.132	91.6917	0	0	-2.14526	
0.417	-0.314939	0.0183221	-84.0184	83.4617	4.15216	91.7121	0	0	-2.14861	
0.418	-0.313233	0.0182478	-84.8759	83.5721	4.17226	91.7309	0	0	-2.15285	
0.419	-0.311552	0.0181819	-85.725	83.6647	4.19234	91.7479	0	0	-2.15808	
0.42	-0.309899	0.0181252	-86.565	83.7389	4.21243	91.763	0	0	-2.16437	
0.421	-0.308276	0.0180788	-87.3951	83.7939	4.23257	91.776	0	0	-2.17181	
0.422	-0.306686	0.0180435	-88.2145	83.8292	4.25279	91.7868	0	0	-2.18044	
0.423	-0.30513	0.0180202	-89.0227	83.8442	4.27313	91.7951	0	0	-2.19031	
0.424	-0.303611	0.0180097	-89.819	83.8384	4.29361	91.8008	0	0	-2.20143	
0.425	-0.302131	0.0180127	-90.6027	83.8114	4.31428	91.8038	0	0	-2.2138	
0.426	-0.300689	0.0180306	-91.3734	83.7629	4.33497	91.8041	0	0	-2.22737	
0.427	-0.299288	0.0180657	-92.1306	83.6924	4.35534	91.802	0	0	-2.23555	
0.428	-0.297928	0.0181203	-92.8737	83.5997	4.37518	91.7976	0	0	-2.23141	
0.429	-0.296611	0.0181967	-93.6024	83.4843	4.39448	91.7911	0	0	-2.21944	
0.43	-0.295336	0.0182968	-94.3163	83.3455	4.4134	91.7824	0	0	-2.20792	
0.431	-0.294104	0.0184224	-95.0149	83.183	4.43205	91.7714	0	0	-2.20091	
0.432	-0.292916	0.0185751	-95.698	82.9965	4.45052	91.7582	0	0	-2.19816	
0.433	-0.291771	0.0187565	-96.3654	82.7858	4.46884	91.7426	0	0	-2.19806	
0.434	-0.29067	0.0189677	-97.0168	82.5508	4.48707	91.7246	0	0	-2.19955	
0.435	-0.289611	0.0192096	-97.6521	82.2916	4.50524	91.7039	0	0	-2.20245	
0.436	-0.288593	0.019483	-98.2712	82.0081	4.52341	91.6806	0	0	-2.20694	
0.437	-0.287616	0.0197882	-98.8741	81.7007	4.54163	91.6545	0	0	-2.21323	
0.438	-0.286678	0.0201253	-99.4609	81.3696	4.55995	91.6255	0	0	-2.22135	
0.439	-0.285777	0.020494	-100.032	81.0154	4.57842	91.5935	0	0	-2.23123	
0.44	-0.284912	0.0208936	-100.587	80.6385	4.59707	91.5585	0	0	-2.2428	
0.441	-0.284079	0.0213231	-101.127	80.2397	4.61596	91.5204	0	0	-2.25596	
0.442	-0.283276	0.0217812	-101.651	79.8197	4.63512	91.4792	0	0	-2.27065	
0.443	-0.2825	0.022266	-102.161	79.3795	4.65459	91.4349	0	0	-2.28675	
0.444	-0.281748	0.0227754	-102.657	78.92	4.67438	91.3875	0	0	-2.30415	
0.445	-0.281016	0.0233069	-103.14	78.4425	4.69454	91.3371	0	0	-2.32269	
0.446	-0.280301	0.0238575	-103.61	77.9481	4.71506	91.2837	0	0	-2.34219	
0.447	-0.279597	0.024424	-104.069	77.4382	4.73598	91.2275	0	0	-2.36246	
0.448	-0.278903	0.0250028	-104.516	76.9142	4.75729	91.1686	0	0	-2.38328	
0.449	-0.278212	0.0255901	-104.953	76.3775	4.77899	91.1072	0	0	-2.40441	
0.45	-0.277522	0.026184	-105.381	75.8294	4.80058	91.0438	0	0	-2.42553	
0.451	-0.276831	0.0267851	-105.8	75.2703	4.82131	90.9791	0	0	-2.42965	
0.452	-0.276137	0.0273937	-106.209	74.7005	4.84084	90.9135	0	0	-2.40628	
0.453	-0.27544	0.0280096	-106.609	74.12	4.85929	90.8472	0	0	-2.37162	
0.454	-0.274737	0.0286328	-107	73.5288	4.87686	90.7805	0	0	-2.34014	
0.455	-0.274028	0.0292631	-107.382	72.9268	4.89368	90.7134	0	0	-2.31561	
0.456	-0.273312	0.0299002	-107.756	72.3141	4.90978	90.6459	0	0	-2.29535	
0.457	-0.272586	0.0305441	-108.12	71.691	4.92516	90.5783	0	0	-2.276	
0.458	-0.271851	0.0311942	-108.477	71.0575	4.93981	90.5104	0	0	-2.25612	
0.459	-0.271105	0.0318504	-108.825	70.4139	4.95374	90.4425	0	0	-2.23571	
0.46	-0.270346	0.0325121	-109.165	69.7602	4.96694	90.3744	0	0	-2.2152	
0.461	-0.269574	0.033179	-109.497	69.0967	4.97944	90.3062	0	0	-2.19479	
0.462	-0.268788	0.0338506	-109.822	68.4236	4.99123	90.2379	0	0	-2.17442	
0.463	-0.267987	0.0345264	-110.138	67.7409	5.00233	90.1695	0	0	-2.15395	
0.464	-0.267169	0.0352057	-110.448	67.0489	5.01271	90.1011	0	0	-2.13329	
0.465	-0.266334	0.0358881	-110.749	66.3478	5.0224	90.0326	0	0	-2.11239	
0.466	-0.265481	0.0365729	-111.044	65.6376	5.03138	89.964	0	0	-2.09126	
0.467	-0.264609	0.0372595	-111.331	64.9187	5.03967	89.8954	0	0	-2.06989	
0.468	-0.263716	0.0379471	-111.612	64.1912	5.04725	89.8268	0	0	-2.04829	
0.469	-0.262803	0.0386351	-111.885	63.4552	5.05413	89.758	0	0	-2.02646	
0.47	-0.261868	0.0393228	-112.152	62.7109	5.06031	89.6893	0	0	-2.00438	
0.471	-0.260911	0.0400093	-112.413	61.9585	5.06578	89.6205	0	0	-1.98206	
0.472	-0.25993	0.0406939	-112.667	61.1982	5.07056	89.5516	0	0	-1.95949	
0.473	-0.258925	0.0413758	-112.914	60.4301	5.07464	89.4828	0	0	-1.93669	
0.474	-0.257896	0.0420541	-113.156	59.6543	5.07801	89.4138	0	0	-1.91365	
0.475	-0.256841	0.0427279	-113.391	58.8712	5.08069	89.3449	0	0	-1.89038	
0.476	-0.255759	0.0433965	-113.621	58.0807	5.08266	89.2759	0	0	-1.86689	
0.477	-0.254651	0.0440589	-113.844	57.2831	5.08394	89.2069	0	0	-1.84316	
0.478	-0.253516	0.0447141	-114.062	56.4786	5.08452	89.1379	0	0	-1.81922	
0.479	-0.252353	0.0453614	-114.275	55.6672	5.0844	89.0689	0	0	-1.79506	
0.48	-0.251162	0.0459996	-114.482	54.8491	5.08359	88.9998	0	0	-1.77069	
0.481	-0.249942	0.046628	-114.683	54.0246	5.08208	88.9308	0	0	-1.74612	
0.482	-0.248692	0.0472454	-114.88	53.1936	5.07988	88.8617	0	0	-1.72134	
0.483	-0.247413	0.0478509	-115.071	52.3565	5.07699	88.7927	0	0	-1.69637	
0.484	-0.246103	0.0484436	-115.257	51.5133	5.0734	88.7237	0	0	-1.6712	
0.485	-0.244764	0.0490224	-115.438	50.6641	5.06913	88.6547	0	0	-1.64584	
0.486	-0.243393	0.0495864	-115.615	49.8091	5.06417	88.5857	0	0	-1.6203	
0.487	-0.241992	0.0501344	-115.787	48.9484	5.05852	88.5167	0	0	-1.59458	
0.488	-0.240559	0.0506656	-115.954	48.0822	5.05219	88.4478	0	0	-1.56868	
0.489	-0.239095	0.0511789	-116.116	47.2106	5.04518	88.3789	0	0	-1.54262	
0.49	-0.237599	0.0516732	-116.274	46.3337	5.03749	88.31	0	0	-1.51638	
0.491	-0.236072	0.0521476	-116.428	45.4516	5.02913	88.2413	0	0	-1.48998	
0.492	-0.234513	0.0526009	-116.577	44.5645	5.02008	88.1725	0	0	-1.46343	
0.493	-0.232922	0.0530323	-116.722	43.6725	5.01037	88.1038	0	0	-1.43672	
0.494	-0.2313	0.0534406	-116.863	42.7757	4.99999	88.0352	0	0	-1.40986	
0.495	-0.229645	0.0538249	-117	41.8741	4.98893	87.9667	0	0	-1.38285	
0.496	-0.227959	0.0541841	-117.133	40.968	4.97722	87.8983	0	0	-1.35569	
0.497	-0.226242	0.0545172	-117.262	40.0574	4.96484	87.8299	0	0	-1.3284	
0.498	-0.224493	0.0548233	-117.386	39.1424	4.9518	87.7616	0	0	-1.30097	
0.499	-0.222712	0.0551012	-117.507	38.2232	4.93811	87.6935	0	0	-1.27341	
0.5	-0.220901	0.0553501	-117.625	37.2998	4.92376	87.6254	0	0	-1.24572	
0.501	-0.219059	0.0555689	-117.738	36.3723	4.90876	87.5575	0	0	-1.21789	
0.502	-0.217186	0.0557567	-117.848	35.4408	4.89312	87.4897	0	0	-1.18995	
0.503	-0.215283	0.0559125	-117.954	34.5055	4.87683	87.422	0	0	-1.16188	
0.504	-0.21335	0.0560354	-118.057	33.5664	4.85989	87.3544	0	0	-1.1337	
0.505	-0.211388	0.0561243	-118.156	32.6235	4.84232	87.287	0	0	-1.10539	
0.506	-0.209397	0.0561785	-118.252	31.6771	4.82412	87.2197	0	0	-1.07698	
0.507	-0.207377	0.0561969	-118.344	30.7271	4.80528	87.1526	0	0	-1.04845	
0.508	-0.205329	0.0561787	-118.433	29.7736	4.78582	87.0856	0	0	-1.01981	
0.509	-0.203253	0.056123	-118.518	28.8168	4.76572	87.0188	0	0	-0.991066	
0.51	-0.20115	0.0560289	-118.6	27.8568	4.74501	86.9522	0	0	-0.962214	
0.511	-0.199021	0.0558956	-118.679	26.8935	4.72368	86.8858	0	0	-0.933257	
0.512	-0.196865	0.0557222	-118.754	25.927	4.70173	86.8195	0	0	-0.904198	
0.513	-0.194685	0.0555079	-118.826	24.9575	4.67917	86.7534	0	0	-0.875038	
0.514	-0.19248	0.055252	-118.895	23.9851	4.65599	86.6876	0	0	-0.845779	
0.515	-0.190251	0.0549536	-118.961	23.0097	4.63222	86.6219	0	0	-0.81642	
0.516	-0.187998	0.054612	-119.024	22.0314	4.60784	86.5564	0	0	-0.786965	
0.517	-0.185723	0.0542264	-119.083	21.0504	4.58286	86.4912	0	0	-0.757413	
0.518	-0.183426	0.0537961	-119.139	20.0667	4.55728	86.4262	0	0	-0.727767	
0.519	-0.181109	0.0533205	-119.193	19.0804	4.53111	86.3614	0	0	-0.698026	
0.52	-0.178771	0.0527988	-119.243	18.0915	4.50435	86.2969	0	0	-0.668192	
0.521	-0.176413	0.0522303	-119.29	17.1001	4.47701	86.2326	0	0	-0.638266	
0.522	-0.174037	0.0516146	-119.334	16.1063	4.44908	86.1685	0	0	-0.608247	
0.523	-0.171643	0.0509508	-119.375	15.1101	4.42057	86.1048	0	0	-0.578138	
0.524	-0.169233	0.0502385	-119.413	14.1116	4.39149	86.0413	0	0	-0.547939	
0.525	-0.166806	0.0494771	-119.448	13.1108	4.36183	85.978	0	0	-0.517651	
0.526	-0.164364	0.048666	-119.48	12.108	4.3316	85.9151	0	0	-0.487273	
0.527	-0.161908	0.0478048	-119.51	11.103	4.3008	85.8524	0	0	-0.456808	
0.528	-0.159439	0.0468928	-119.536	10.0959	4.26944	85.79	0	0	-0.426255	
0.529	-0.156957	0.0459297	-119.56	9.08692	4.23752	85.7279	0	0	-0.395615	
0.53	-0.154464	0.0449149	-119.58	8.07602	4.20504	85.6662	0	0	-0.364889	
0.531	-0.15196	0.0438481	-119.598	7.06329	4.172	85.6047	0	0	-0.334079	
0.532	-0.149447	0.0427289	-119.613	6.0488	4.13842	85.5436	0	0	-0.303184	
0.533	-0.146925	0.0415568	-119.626	5.03261	4.10428	85.4828	0	0	-0.272206	
0.534	-0.144395	0.0403316	-119.635	4.01481	4.0696	85.4223	0	0	-0.241145	
0.535	-0.141859	0.0390528	-119.642	2.99545	4.03438	85.3622	0	0	-0.210004	
0.536	-0.139316	0.0377201	-119.646	1.97463	3.99862	85.3025	0	0	-0.178783	
0.537	-0.13677	0.0363333	-119.648	0.952396	3.96232	85.2431	0	0	-0.147484	
0.538	-0.134219	0.0348922	-119.647	-0.0711561	3.92549	85.184	0	0	-0.116107	
0.539	-0.131665	0.0333964	-119.643	-1.09595	3.88813	85.1254	0	0	-0.0846558	
0.54	-0.12911	0.0318457	-119.637	-2.12192	3.85025	85.0671	0	0	-0.0531308	
0.541	-0.126553	0.03024	-119.629	-3.14896	3.81184	85.0092	0	0	-0.0215343	
0.542	-0.123996	0.028579	-119.618	-4.17701	3.77291	84.9517	0	0	0.0101317	
0.543	-0.12144	0.0268626	-119.604	-5.20597	3.73347	84.8946	0	0	0.0418647	
0.544	-0.118887	0.0250907	-119.589	-6.23576	3.69351	84.838	0	0	0.0736623	
0.545	-0.116335	0.0232632	-119.571	-7.26628	3.65304	84.7817	0	0	0.105522	
0.546	-0.114084	0.0216872	-119.461	-8.38716	3.65762	84.6484	0	0	0.13744	
0.547	-0.112343	0.0205793	-119.194	-9.65113	3.72496	84.3887	0	0	-1.43641	
0.548	-0.110963	0.0197854	-118.812	-10.9871	3.79863	84.0491	0	0	-3.6511	
0.549	-0.10985	0.0192059	-118.345	-12.3488	3.84324	83.6565	0	0	-3.89763	
0.55	-0.108954	0.0187812	-117.806	-13.7249	3.85733	83.2239	0	0	-2.89849	
0.551	-0.108248	0.0184728	-117.208	-15.1196	3.85376	82.7574	0	0	-1.83821	
0.552	-0.107714	0.018251	-116.558	-16.5364	3.843	82.2614	0	0	-1.22082	
0.553	-0.107333	0.0180903	-115.863	-17.9744	3.82887	81.7407	0	0	-0.965796	
0.554	-0.107089	0.0179699	-115.127	-19.4303	3.81146	81.1992	0	0	-0.843484	
0.555	-0.106974	0.0178742	-114.356	-20.9012	3.79032	80.64	0	0	-0.722444	
0.556	-0.106979	0.0177918	-113.552	-22.3855	3.76577	80.065	0	0	-0.585292	
0.557	-0.107101	0.0177143	-112.717	-23.8824	3.7386	79.4752	0	0	-0.45757	
0.558	-0.107337	0.0176352	-111.852	-25.3915	3.70957	78.8713	0	0	-0.356611	
0.559	-0.107685	0.0175495	-110.958	-26.9122	3.67919	78.2536	0	0	-0.281638	
0.56	-0.108145	0.017453	-110.037	-28.4439	3.64775	77.6223	0	0	-0.223833	
0.561	-0.108714	0.0173424	-109.089	-29.9859	3.61544	76.9771	0	0	-0.175791	
0.562	-0.109394	0.0172149	-108.114	-31.5375	3.58242	76.3179	0	0	-0.134133	
0.563	-0.110182	0.0170683	-107.113	-33.098	3.54885	75.6443	0	0	-0.0979703	
0.564	-0.11108	0.0169007	-106.087	-34.6666	3.51487	74.9556	0	0	-0.0669659	
0.565	-0.112084	0.0167102	-105.037	-36.2423	3.48057	74.2515	0	0	-0.0405221	
0.566	-0.113195	0.0164956	-103.962	-37.824	3.44606	73.5312	0	0	-0.0178307	
0.567	-0.114411	0.0162554	-102.864	-39.4105	3.41139	72.794	0	0	0.001871	
0.568	-0.115728	0.0159888	-101.744	-41.0003	3.37664	72.0394	0	0	0.019188	
0.569	-0.117143	0.0156947	-100.602	-42.5917	3.34183	71.2667	0	0	0.0346048	
0.57	-0.118652	0.0153728	-99.4413	-44.1827	3.30699	70.4753	0	0	0.048569	
0.571	-0.12025	0.0150228	-98.262	-45.7712	3.27215	69.6647	0	0	0.0615514	
0.572	-0.121931	0.0146447	-97.0665	-47.3547	3.23729	68.8342	0	0	0.0740725	
0.573	-0.123687	0.0142392	-95.857	-48.9302	3.2024	67.9837	0	0	0.0867132	
0.574	-0.125509	0.0138074	-94.636	-50.4948	3.16743	67.1127	0	0	0.100122	
0.575	-0.127388	0.0133508	-93.4066	-52.0449	3.13232	66.2212	0	0	0.115026	
0.576	-0.129313	0.012872	-92.1718	-53.5768	3.09698	65.3094	0	0	0.132237	
0.577	-0.131271	0.012374	-90.9354	-55.0863	3.06128	64.3773	0	0	0.152657	
0.578	-0.13325	0.0118608	-89.7012	-56.5691	3.0251	63.4257	0	0	0.177276	
0.579	-0.135235	0.0113371	-88.4735	-58.0207	2.98824	62.4551	0	0	0.20716	
0.58	-0.137212	0.0108085	-87.2569	-59.4364	2.95051	61.4667	0	0	0.243434	
0.581	-0.139166	0.0102812	-86.0558	-60.8114	2.91166	60.4617	0	0	0.287259	
0.582	-0.141082	0.00976248	-84.8752	-62.1409	2.87142	59.4418	0	0	0.339792	
0.583	-0.142943	0.00925972	-83.7198	-63.4203	2.82951	58.4088	0	0	0.402147	
0.584	-0.144737	0.00878087	-82.5944	-64.6454	2.7856	57.365	0	0	0.475341	
0.585	-0.14645	0.00833396	-81.5034	-65.8121	2.73937	56.3128	0	0	0.560235	
0.586	-0.148069	0.00792686	-80.4511	-66.917	2.69048	55.255	0	0	0.657477	
0.587	-0.149583	0.00756705	-79.4412	-67.9573	2.6386	54.1947	0	0	0.76744	
0.588	-0.150984	0.00726132	-78.4772	-68.9309	2.58339	53.135	0	0	0.890171	
0.589	-0.152264	0.00701554	-77.5618	-69.8364	2.52456	52.0793	0	0	1.02535	
0.59	-0.153418	0.00683445	-76.6971	-70.6733	2.46184	51.0312	0	0	1.17228	
0.591	-0.154443	0.00672152	-75.8847	-71.442	2.39502	49.9944	0	0	1.32988	
0.592	-0.155338	0.00667885	-75.1255	-72.1434	2.32391	48.9726	0	0	1.4967	
0.593	-0.156102	0.00670716	-74.4198	-72.7794	2.2484	47.9695	0	0	1.671	
0.594	-0.156736	0.00681074	-73.7683	-73.3518	2.16947	46.9874	0	0	1.85079	
0.595	-0.157237	0.0069981	-73.1725	-73.8611	2.08887	46.0276	0	0	1.998	
0.596	-0.157604	0.00727687	-72.6334	-74.3077	2.0075	45.0912	0	0	2.08407	
0.597	-0.157834	0.00765315	-72.1522	-74.6913	1.92523	44.1801	0	0	2.13978	
0.598	-0.157928	0.00813157	-71.7294	-75.0121	1.8416	43.2965	0	0	2.19961	
0.599	-0.157887	0.00871527	-71.3652	-75.2707	1.75622	42.4425	0	0	2.27647	
0.6	-0.157711	0.00940584	-71.0596	-75.4682	1.66888	41.6203	0	0	2.36738	
0.601	-0.157402	0.0102033	-70.8118	-75.6067	1.57947	40.8321	0	0	2.46612	
0.602	-0.156965	0.0111059	-70.621	-75.6884	1.48788	40.0803	0	0	2.56959	
0.603	-0.156402	0.0121103	-70.4858	-75.7163	1.39396	39.3674	0	0	2.67788	
0.604	-0.155719	0.0132116	-70.4045	-75.6936	1.29756	38.6959	0	0	2.79189	
0.605	-0.154921	0.0144033	-70.3751	-75.6242	1.19857	38.0683	0	0	2.91186	
0.606	-0.154013	0.0156778	-70.3953	-75.5121	1.09688	37.4874	0	0	3.03719	
0.607	-0.153002	0.0170258	-70.4625	-75.362	0.992421	36.9556	0	0	3.16685	
0.608	-0.151894	0.0184374	-70.5738	-75.1786	0.885169	36.4755	0	0	3.29973	
0.609	-0.150698	0.0199014	-70.7263	-74.967	0.775115	36.0497	0	0	3.43481	
0.61	-0.14942	0.0214062	-70.9168	-74.7325	0.662281	35.6806	0	0	3.57106	
0.611	-0.148068	0.0229393	-71.1422	-74.4802	0.546721	35.3707	0	0	3.70745	
0.612	-0.14665	0.0244882	-71.3992	-74.2157	0.428514	35.1221	0	0	3.84298	
0.613	-0.145173	0.0260398	-71.6845	-73.9442	0.307766	34.937	0	0	3.97662	
0.614	-0.143642	0.0275855	-71.9961	-73.6701	0.185361	34.8166	0	0	4.10745	
0.615	-0.14206	0.0291224	-72.3331	-73.3958	0.0630369	34.7607	0	0	4.20806	
0.616	-0.140425	0.0306496	-72.6955	-73.1227	-0.0579521	34.7692	0	0	4.2479	
0.617	-0.138738	0.0321655	-73.0831	-72.8512	-0.177352	34.8422	0	0	4.24354	
0.618	-0.137	0.0336682	-73.4958	-72.5815	-0.295384	34.9799	0	0	4.22975	
0.619	-0.13521	0.0351556	-73.9335	-72.3137	-0.412223	35.1826	0	0	4.22319	
0.62	-0.133368	0.0366256	-74.396	-72.0479	-0.527846	35.4501	0	0	4.22234	
0.621	-0.131476	0.0380755	-74.8832	-71.7845	-0.64212	35.7822	0	0	4.22028	
0.622	-0.129533	0.039503	-75.3948	-71.5238	-0.754907	36.1786	0	0	4.21305	
0.623	-0.12754	0.0409052	-75.9307	-71.2659	-0.865888	36.6384	0	0	4.20052	
0.624	-0.125503	0.0422868	-76.4874	-71.014	-0.964402	37.1383	0	0	4.17624	
0.625	-0.123425	0.0436566	-77.0601	-70.7699	-1.03725	37.6431	0	0	3.77543	
0.626	-0.121306	0.0450155	-77.6472	-70.5259	-1.08893	38.1406	0	0	2.90509	
0.627	-0.119143	0.0463584	-78.2494	-70.2697	-1.13431	38.6358	0	0	2.18395	
0.628	-0.116933	0.0476809	-78.8672	-69.9942	-1.18259	39.1327	0	0	1.98002	
0.629	-0.114678	0.0489822	-79.5003	-69.6991	-1.23322	39.629	0	0	2.09818	
0.63	-0.112377	0.0502624	-80.1479	-69.387	-1.2824	40.1205	0	0	2.19781	
0.631	-0.110031	0.0515204	-80.8099	-69.0587	-1.32885	40.6059	0	0	2.16433	
0.632	-0.10764	0.0527539	-81.4863	-68.7134	-1.37387	41.0864	0	0	2.0851	
0.633	-0.105204	0.0539608	-82.1773	-68.3504	-1.4188	41.5631	0	0	2.05108	
0.634	-0.102722	0.055139	-82.8828	-67.9696	-1.46371	42.0362	0	0	2.06358	
0.635	-0.100195	0.056287	-83.6026	-67.5717	-1.50802	42.5052	0	0	2.07877	
0.636	-0.0976241	0.0574032	-84.3367	-67.1571	-1.55136	42.9698	0	0	2.07297	
0.637	-0.0950083	0.0584855	-85.0849	-66.7257	-1.59382	43.4303	0	0	2.05438	
0.638	-0.0923485	0.059532	-85.8473	-66.2777	-1.6356	43.8867	0	0	2.0384	
0.639	-0.0896451	0.0605407	-86.6237	-65.8131	-1.67676	44.3393	0	0	2.02928	
0.64	-0.0868984	0.0615096	-87.414	-65.3322	-1.71723	44.7879	0	0	2.02209	
0.641	-0.0841092	0.0624368	-88.2182	-64.8351	-1.75695	45.2327	0	0	2.0123	
0.642	-0.081278	0.0633203	-89.0361	-64.3221	-1.7959	45.6736	0	0	1.99975	
0.643	-0.0784055	0.0641581	-89.8676	-63.7933	-1.8341	46.1106	0	0	1.98647	
0.644	-0.0754924	0.0649481	-90.7126	-63.2488	-1.87156	46.5439	0	0	1.97359	
0.645	-0.0725397	0.0656883	-91.571	-62.689	-1.90827	46.9734	0	0	1.96083	
0.646	-0.0695481	0.0663766	-92.4426	-62.1139	-1.94421	47.3993	0	0	1.9475	
0.647	-0.0665187	0.0670112	-93.3275	-61.5237	-1.97938	47.8214	0	0	1.93338	
0.648	-0.0634524	0.0675898	-94.2253	-60.9188	-2.01378	48.2399	0	0	1.91864	
0.649	-0.0603505	0.0681106	-95.136	-60.2992	-2.04739	48.6548	0	0	1.9035	
0.65	-0.057214	0.0685714	-96.0595	-59.6652	-2.08022	49.066	0	0	1.88798	
0.651	-0.0540444	0.0689704	-96.9956	-59.0169	-2.11225	49.4737	0	0	1.87202	
0.652	-0.0508428	0.0693056	-97.9442	-58.3547	-2.14349	49.8779	0	0	1.85556	
0.653	-0.0476108	0.0695749	-98.9052	-57.6788	-2.17392	50.2785	0	0	1.83862	
0.654	-0.0443497	0.0697766	-99.8783	-56.9893	-2.20355	50.6757	0	0	1.82121	
0.655	-0.0410613	0.0699087	-100.863	-56.2865	-2.23237	51.0693	0	0	1.80337	
0.656	-0.0377471	0.0699695	-101.861	-55.5705	-2.26036	51.4595	0	0	1.78507	
0.657	-0.0344088	0.069957	-102.869	-54.8418	-2.28754	51.8463	0	0	1.76633	
0.658	-0.0310483	0.0698695	-103.89	-54.1004	-2.31389	52.2296	0	0	1.74714	
0.659	-0.0276674	0.0697054	-104.921	-53.3467	-2.33941	52.6095	0	0	1.7275	
0.66	-0.024268	0.0694629	-105.964	-52.5808	-2.3641	52.9861	0	0	1.70743	
0.661	-0.0208522	0.0691406	-107.018	-51.803	-2.38794	53.3592	0	0	1.68691	
0.662	-0.0174221	0.0687368	-108.083	-51.0136	-2.41095	53.729	0	0	1.66597	
0.663	-0.0139797	0.06825	-109.159	-50.2127	-2.43311	54.0955	0	0	1.6446	
0.664	-0.0105273	0.067679	-110.245	-49.4007	-2.45442	54.4586	0	0	1.6228	
0.665	-0.00706712	0.0670223	-111.342	-48.5778	-2.47487	54.8184	0	0	1.60057	
0.666	-0.00360159	0.0662787	-112.449	-47.7442	-2.49447	55.1749	0	0	1.57793	
0.667	-0.00013306	0.065447	-113.566	-46.9002	-2.51321	55.5281	0	0	1.55486	
0.668	0.00333601	0.0645261	-114.692	-46.046	-2.53108	55.878	0	0	1.53139	
0.669	0.00680312	0.0635151	-115.829	-45.182	-2.54809	56.2246	0	0	1.5075	
0.67	0.0102657	0.062413	-116.975	-44.3082	-2.56424	56.5679	0	0	1.48321	
0.671	0.0137212	0.0612191	-118.13	-43.4251	-2.5795	56.908	0	0	1.45851	
0.672	0.0171668	0.0599325	-119.294	-42.5329	-2.5939	57.2448	0	0	1.43342	
0.673	0.0206	0.0585527	-120.467	-41.6317	-2.60742	57.5784	0	0	1.40793	
0.674	0.024018	0.0570791	-121.649	-40.7219	-2.62006	57.9087	0	0	1.38204	
0.675	0.027418	0.0555114	-122.839	-39.8038	-2.63182	58.2357	0	0	1.35577	
0.676	0.0307972	0.0538492	-124.037	-38.8775	-2.64269	58.5596	0	0	1.32911	
0.677	0.0341529	0.0520923	-125.244	-37.9433	-2.65268	58.8802	0	0	1.30208	
0.678	0.037482	0.0502407	-126.459	-37.0015	-2.66178	59.1976	0	0	1.27467	
0.679	0.0407819	0.0482943	-127.681	-36.0524	-2.67	59.5117	0	0	1.24688	
0.68	0.0440496	0.0462534	-128.911	-35.0961	-2.67732	59.8227	0	0	1.21873	
0.681	0.0472823	0.0441181	-130.148	-34.1331	-2.68375	60.1305	0	0	1.19022	
0.682	0.050477	0.0418889	-131.392	-33.1634	-2.68929	60.435	0	0	1.16135	
0.683	0.0536308	0.0395662	-132.643	-32.1873	-2.69394	60.7364	0	0	1.13213	
0.684	0.0567409	0.0371507	-133.901	-31.2052	-2.69769	61.0346	0	0	1.10256	
0.685	0.0598044	0.0346431	-135.165	-30.2172	-2.70055	61.3296	0	0	1.07265	
0.686	0.0628184	0.0320442	-136.436	-29.2236	-2.70251	61.6215	0	0	1.04241	
0.687	0.0657801	0.0293551	-137.713	-28.2247	-2.70358	61.9102	0	0	1.01183	
0.688	0.0686867	0.0265767	-138.995	-27.2206	-2.70375	62.1958	0	0	0.980935	
0.689	0.0715354	0.0237104	-140.283	-26.2117	-2.70302	62.4782	0	0	0.949719	
0.69	0.0739001	0.0216201	-141.362	-25.4124	-2.58583	62.6017	0	0	0.918192	
0.691	0.0756129	0.0206829	-142.142	-24.8828	-2.35181	62.5383	0	0	-3.18824	
0.692	0.0770111	0.020211	-142.792	-24.4091	-2.1572	62.4537	0	0	-5	
0.693	0.0782263	0.0199485	-143.377	-23.9146	-2.05199	62.3983	0	0	-5	
0.694	0.0793112	0.0198009	-143.922	-23.3898	-2.03042	62.3853	0	0	-2.9561	
0.695	0.0802873	0.0197437	-144.436	-22.8626	-2.05202	62.4094	0	0	-0.0442318	
0.696	0.0811714	0.0197589	-144.926	-22.3587	-2.08022	62.465	0	0	1.47022	
0.697	0.0819744	0.0198311	-145.397	-21.8864	-2.10155	62.5513	0	0	1.7105	
0.698	0.0826992	0.0199569	-145.85	-21.445	-2.11625	62.669	0	0	1.47813	
0.699	0.0833484	0.0201322	-146.286	-21.0303	-2.12871	62.8197	0	0	1.25186	
0.7	0.083925	0.0203595	-146.704	-20.6409	-2.13944	62.9996	0	0	1.17791	
0.701	0.0844328	0.0206517	-147.102	-20.2781	-2.14406	63.1975	0	0	1.12157	
0.702	0.084877	0.0210175	-147.478	-19.9416	-2.14011	63.4034	0	0	0.90979	
0.703	0.0852636	0.0214544	-147.834	-19.6269	-2.13018	63.6137	0	0	0.608858	
0.704	0.0855997	0.0219527	-148.172	-19.3279	-2.11875	63.8281	0	0	0.397152	
0.705	0.0858925	0.0225007	-148.495	-19.0399	-2.10863	64.047	0	0	0.340568	
0.706	0.0861494	0.0230863	-148.806	-18.7598	-2.10039	64.2701	0	0	0.382627	
0.707	0.086378	0.0236968	-149.109	-18.4851	-2.09368	64.4972	0	0	0.445827	
0.708	0.0865863	0.024318	-149.406	-18.2133	-2.08823	64.7281	0	0	0.496328	
0.709	0.086782	0.0249345	-149.702	-17.9413	-2.08415	64.9631	0	0	0.538755	
0.71	0.0869732	0.0255306	-150.001	-17.6658	-2.08158	65.2024	0	0	0.585001	
0.711	0.0871639	0.0261001	-150.304	-17.3862	-2.07938	65.4445	0	0	0.636919	
0.712	0.0873544	0.0266467	-150.612	-17.1037	-2.0756	65.6868	0	0	0.649072	
0.713	0.0875447	0.0271729	-150.922	-16.8186	-2.06966	65.9275	0	0	0.592537	
0.714	0.0877346	0.027679	-151.236	-16.5303	-2.06235	66.1662	0	0	0.515374	
0.715	0.0879243	0.0281648	-151.552	-16.2379	-2.05459	66.4032	0	0	0.464673	
0.716	0.0881136	0.0286302	-151.872	-15.9411	-2.04677	66.6383	0	0	0.44625	
0.717	0.0883023	0.0290758	-152.194	-15.6401	-2.03885	66.8713	0	0	0.441564	
0.718	0.08849	0.029502	-152.519	-15.335	-2.03068	67.1021	0	0	0.435109	
0.719	0.0886767	0.0299088	-152.847	-15.026	-2.02224	67.3306	0	0	0.423767	
0.72	0.0888621	0.0302966	-153.178	-14.713	-2.01356	67.5569	0	0	0.411119	
0.721	0.0890459	0.0306654	-153.511	-14.3961	-2.00471	67.781	0	0	0.400121	
0.722	0.0892279	0.0310152	-153.847	-14.0754	-1.9957	68.0029	0	0	0.390864	
0.723	0.089408	0.0313464	-154.185	-13.751	-1.98652	68.2226	0	0	0.382084	
0.724	0.0895858	0.031659	-154.525	-13.4229	-1.97716	68.4401	0	0	0.372906	
0.725	0.0897611	0.0319532	-154.868	-13.0913	-1.96761	68.6555	0	0	0.363259	
0.726	0.0899338	0.0322291	-155.213	-12.7562	-1.95787	68.8687	0	0	0.353424	
0.727	0.0901035	0.032487	-155.56	-12.4178	-1.94795	69.0799	0	0	0.343583	
0.728	0.0902702	0.0327271	-155.909	-12.0762	-1.93785	69.2889	0	0	0.333731	
0.729	0.0904334	0.0329494	-156.261	-11.7313	-1.92756	69.4959	0	0	0.323787	
0.73	0.0905931	0.0331542	-156.614	-11.3834	-1.91708	69.7009	0	0	0.313706	
0.731	0.090749	0.0333417	-156.969	-11.0325	-1.90642	69.9038	0	0	0.303491	
0.732	0.090901	0.0335121	-157.326	-10.6787	-1.89556	70.1047	0	0	0.293164	
0.733	0.0910488	0.0336655	-157.684	-10.3221	-1.88451	70.3037	0	0	0.282738	
0.734	0.0911921	0.0338022	-158.044	-9.96281	-1.87328	70.5007	0	0	0.272215	
0.735	0.0913309	0.0339225	-158.406	-9.60092	-1.86184	70.6957	0	0	0.261594	
0.736	0.091465	0.0340265	-158.769	-9.23654	-1.85022	70.8888	0	0	0.250873	
0.737	0.0915941	0.0341144	-159.134	-8.86975	-1.8384	71.08	0	0	0.240057	
0.738	0.091718	0.0341865	-159.5	-8.50065	-1.82639	71.2693	0	0	0.22915	
0.739	0.0918367	0.034243	-159.867	-8.12935	-1.81418	71.4568	0	0	0.218155	
0.74	0.0919498	0.0342842	-160.235	-7.75594	-1.80177	71.6424	0	0	0.207075	
0.741	0.0920574	0.0343103	-160.605	-7.38051	-1.78917	71.8261	0	0	0.195915	
0.742	0.0921591	0.0343216	-160.975	-7.00318	-1.77637	72.0081	0	0	0.184675	
0.743	0.0922549	0.0343182	-161.347	-6.62403	-1.76338	72.1883	0	0	0.17336	
0.744	0.0923445	0.0343006	-161.719	-6.24317	-1.75019	72.3667	0	0	0.161973	
0.745	0.0924279	0.0342689	-162.092	-5.86069	-1.7368	72.5433	0	0	0.150517	
0.746	0.092505	0.0342234	-162.466	-5.47671	-1.72322	72.7182	0	0	0.138996	
0.747	0.0925755	0.0341643	-162.84	-5.09131	-1.70944	72.8914	0	0	0.127412	
0.748	0.0926394	0.0340921	-163.215	-4.70459	-1.69547	73.0629	0	0	0.115769	
0.749	0.0926966	0.0340068	-163.59	-4.31667	-1.6813	73.2326	0	0	0.104071	
0.75	0.0927469	0.0339089	-163.966	-3.92763	-1.66694	73.4008	0	0	0.0923199	
0.751	0.0927903	0.0337986	-164.342	-3.53758	-1.65238	73.5673	0	0	0.0805201	
0.752	0.0928266	0.0336762	-164.718	-3.14662	-1.63763	73.7321	0	0	0.0686747	
0.753	0.0928557	0.033542	-165.094	-2.75485	-1.62269	73.8953	0	0	0.056787	
0.754	0.0928776	0.0333962	-165.47	-2.36238	-1.60756	74.057	0	0	0.0448604	
0.755	0.0928923	0.0332393	-165.847	-1.96929	-1.59223	74.217	0	0	0.0328983	
0.756	0.0928995	0.0330714	-166.223	-1.57569	-1.57672	74.3755	0	0	0.0209042	
0.757	0.0928994	0.0328929	-166.599	-1.18168	-1.56102	74.5324	0	0	0.00888135	
0.758	0.0928918	0.0327042	-166.974	-0.787364	-1.54513	74.6878	0	0	-0.00316671	
0.759	0.0928766	0.0325054	-167.349	-0.39284	-1.52906	74.8417	0	0	-0.0152366	
0.76	0.0928539	0.0322969	-167.724	0.00179276	-1.5128	74.9941	0	0	-0.0273249	
0.761	0.0928236	0.0320791	-168.098	0.396434	-1.49636	75.145	0	0	-0.0394281	
0.762	0.0927857	0.0318521	-168.471	0.790985	-1.47974	75.2944	0	0	-0.0515428	
0.763	0.0927402	0.0316165	-168.844	1.18535	-1.46294	75.4424	0	0	-0.0636656	
0.764	0.092687	0.0313724	-169.216	1.57942	-1.44596	75.589	0	0	-0.075793	
0.765	0.0926262	0.0311201	-169.587	1.9731	-1.42881	75.7341	0	0	-0.0879216	
0.766	0.0925578	0.0308601	-169.957	2.36629	-1.41148	75.8778	0	0	-0.100048	
0.767	0.0924818	0.0305925	-170.326	2.7589	-1.39398	76.0202	0	0	-0.112169	
0.768	0.0923981	0.0303178	-170.694	3.15083	-1.37631	76.1611	0	0	-0.12428	
0.769	0.0923069	0.0300362	-171.06	3.54198	-1.35847	76.3007	0	0	-0.136379	
0.77	0.0922082	0.0297481	-171.426	3.93224	-1.34047	76.439	0	0	-0.148463	
0.771	0.0921021	0.0294537	-171.789	4.32153	-1.3223	76.5759	0	0	-0.160527	
0.772	0.0919884	0.0291534	-172.152	4.70975	-1.30397	76.7115	0	0	-0.172568	
0.773	0.0918675	0.0288476	-172.513	5.0968	-1.28549	76.8458	0	0	-0.184583	
0.774	0.0917392	0.0285364	-172.872	5.48258	-1.26685	76.9788	0	0	-0.196568	
0.775	0.0916036	0.0282202	-173.229	5.86701	-1.24805	77.1106	0	0	-0.208521	
0.776	0.091461	0.0278994	-173.585	6.24998	-1.2291	77.241	0	0	-0.220438	
0.777	0.0913112	0.0275741	-173.938	6.6314	-1.21001	77.3703	0	0	-0.232315	
0.778	0.0911545	0.0272449	-174.29	7.01118	-1.19077	77.4983	0	0	-0.24415	
0.779	0.0909909	0.0269119	-174.64	7.38922	-1.17139	77.6251	0	0	-0.255938	
0.78	0.0908206	0.0265754	-174.987	7.76543	-1.15186	77.7507	0	0	-0.267677	
0.781	0.0906436	0.0262357	-175.333	8.13972	-1.13221	77.8751	0	0	-0.279364	
0.782	0.09046	0.0258933	-175.676	8.512	-1.11241	77.9983	0	0	-0.290995	
0.783	0.0902701	0.0255482	-176.016	8.88217	-1.09249	78.1203	0	0	-0.302567	
0.784	0.0900738	0.0252009	-176.355	9.25014	-1.07244	78.2412	0	0	-0.314077	
0.785	0.0898714	0.0248516	-176.69	9.61583	-1.05227	78.361	0	0	-0.325522	
0.786	0.0896555	0.0246482	-176.991	9.94699	-1.0168	78.4619	0	0	-0.336898	
0.787	0.089425	0.0246119	-177.252	10.2423	-0.969659	78.5448	0	0	-0.882987	
0.788	0.0891847	0.0245924	-177.504	10.5404	-0.936502	78.6342	0	0	-1.30721	
0.789	0.0889346	0.0245749	-177.751	10.8436	-0.918677	78.7331	0	0	-0.830473	
0.79	0.0886762	0.0245717	-177.991	11.1426	-0.905014	78.836	0	0	-0.301538	
0.791	0.0884112	0.0245838	-178.223	11.4327	-0.888643	78.9396	0	0	-0.161035	
0.792	0.0881408	0.0246086	-178.45	11.7143	-0.868982	79.0432	0	0	-0.261244	
0.793	0.0878655	0.024645	-178.671	11.989	-0.847816	79.147	0	0	-0.38299	
0.794	0.0875858	0.0246912	-178.886	12.2583	-0.826646	79.2512	0	0	-0.442877	
0.795	0.0873024	0.0247463	-179.095	12.5229	-0.805911	79.3555	0	0	-0.450426	
0.796	0.0870156	0.024809	-179.3	12.7828	-0.785448	79.4599	0	0	-0.442461	
0.797	0.0867259	0.0248781	-179.499	13.0383	-0.765066	79.5641	0	0	-0.440128	
0.798	0.0864338	0.0249517	-179.695	13.2896	-0.744755	79.6681	0	0	-0.44441	
0.799	0.0861395	0.0250276	-179.886	13.5372	-0.724613	79.7721	0	0	-0.448991	
0.8	0.0858435	0.025104	-180.074	13.7813	-0.704662	79.8759	0	0	-0.450163	
0.801	0.085546	0.0251806	-180.259	14.0221	-0.68473	79.9793	0	0	-0.450464	
0.802	0.0852473	0.0252582	-180.44	14.2593	-0.664618	80.0822	0	0	-0.456725	
0.803	0.0849476	0.0253372	-180.618	14.4928	-0.644289	80.1843	0	0	-0.470064	
0.804	0.0846472	0.0254177	-180.792	14.7226	-0.623828	80.2856	0	0	-0.48469	
0.805	0.084346	0.0255001	-180.962	14.9489	-0.603321	80.3861	0	0	-0.496489	
0.806	0.0840444	0.0255843	-181.129	15.1715	-0.582812	80.4857	0	0	-0.505217	
0.807	0.0837424	0.0256706	-181.292	15.3905	-0.562309	80.5844	0	0	-0.51245	
0.808	0.0834402	0.0257593	-181.451	15.6058	-0.541807	80.6822	0	0	-0.519436	
0.809	0.0831379	0.0258504	-181.606	15.8173	-0.521311	80.7792	0	0	-0.526506	
0.81	0.0828356	0.0259441	-181.758	16.025	-0.500827	80.8752	0	0	-0.533486	
0.811	0.0825335	0.0260405	-181.905	16.2289	-0.480364	80.9704	0	0	-0.540194	
0.812	0.0822316	0.0261398	-182.049	16.4288	-0.459928	81.0646	0	0	-0.546609	
0.813	0.0819301	0.026242	-182.188	16.6248	-0.439523	81.158	0	0	-0.552803	
0.814	0.0816291	0.0263474	-182.323	16.8169	-0.419153	81.2505	0	0	-0.558845	
0.815	0.0813288	0.026456	-182.454	17.0049	-0.398819	81.3422	0	0	-0.564762	
0.816	0.0810291	0.0265679	-182.581	17.1888	-0.378527	81.433	0	0	-0.570549	
0.817	0.0807303	0.0266833	-182.704	17.3686	-0.35828	81.5229	0	0	-0.5762	
0.818	0.0804324	0.0268023	-182.823	17.5442	-0.33808	81.612	0	0	-0.581711	
0.819	0.0801355	0.026925	-182.937	17.7156	-0.317932	81.7003	0	0	-0.587087	
0.82	0.0798398	0.0270514	-183.047	17.8828	-0.297838	81.7878	0	0	-0.59233	
0.821	0.0795453	0.0271817	-183.153	18.0457	-0.277802	81.8744	0	0	-0.59744	
0.822	0.0792521	0.027316	-183.254	18.2042	-0.257827	81.9602	0	0	-0.602417	
0.823	0.0789603	0.0274543	-183.351	18.3584	-0.237916	82.0452	0	0	-0.607259	
0.824	0.0786701	0.0275968	-183.444	18.5082	-0.218073	82.1294	0	0	-0.611966	
0.825	0.0783814	0.0277436	-183.532	18.6536	-0.198301	82.2128	0	0	-0.616537	
0.826	0.0780944	0.0278947	-183.615	18.7945	-0.178602	82.2954	0	0	-0.62097	
0.827	0.0778091	0.0280502	-183.695	18.9309	-0.158981	82.3773	0	0	-0.625265	
0.828	0.0775256	0.0282102	-183.769	19.0627	-0.13944	82.4583	0	0	-0.629421	
0.829	0.0772441	0.0283748	-183.839	19.19	-0.119982	82.5386	0	0	-0.633438	
0.83	0.0769645	0.028544	-183.905	19.3127	-0.100611	82.6182	0	0	-0.637313	
0.831	0.0766869	0.028718	-183.966	19.4308	-0.0813306	82.697	0	0	-0.641046	
0.832	0.0764115	0.0288967	-184.022	19.5442	-0.0621429	82.775	0	0	-0.644637	
0.833	0.0761381	0.0290803	-184.073	19.653	-0.0430516	82.8523	0	0	-0.648084	
0.834	0.075867	0.0292688	-184.12	19.757	-0.0240596	82.9289	0	0	-0.651387	
0.835	0.0755981	0.0294623	-184.162	19.8563	-0.00517028	83.0047	0	0	-0.654545	
0.836	0.0753316	0.0296608	-184.2	19.9509	0.0136133	83.0798	0	0	-0.657557	
0.837	0.0750673	0.0298644	-184.233	20.0407	0.032288	83.1542	0	0	-0.660423	
0.838	0.0748055	0.0300732	-184.261	20.1257	0.0508508	83.2279	0	0	-0.663141	
0.839	0.074546	0.0302871	-184.284	20.206	0.0692984	83.3009	0	0	-0.665712	
0.84	0.074289	0.0305063	-184.303	20.2813	0.0876279	83.3731	0	0	-0.668134	
0.841	0.0740344	0.0307307	-184.316	20.3519	0.105836	83.4447	0	0	-0.670407	
0.842	0.0737823	0.0309604	-184.325	20.4176	0.12392	83.5156	0	0	-0.672531	
0.843	0.0735327	0.0311955	-184.329	20.4784	0.141877	83.5858	0	0	-0.674505	
0.844	0.0732856	0.031436	-184.329	20.5343	0.159703	83.6553	0	0	-0.676328	
0.845	0.073041	0.0316819	-184.323	20.5854	0.177396	83.7241	0	0	-0.678	
0.846	0.072799	0.0319332	-184.313	20.6315	0.194952	83.7923	0	0	-0.679521	
0.847	0.0725594	0.03219	-184.298	20.6727	0.21237	83.8598	0	0	-0.680891	
0.848	0.0723223	0.0324523	-184.278	20.709	0.229645	83.9267	0	0	-0.682108	
0.849	0.0720878	0.0327201	-184.253	20.7403	0.246775	83.9929	0	0	-0.683173	
0.85	0.0718557	0.0329935	-184.223	20.7668	0.263756	84.0584	0	0	-0.684085	
0.851	0.071626	0.0332723	-184.188	20.7882	0.280587	84.1233	0	0	-0.684845	
0.852	0.0713988	0.0335568	-184.149	20.8048	0.297264	84.1875	0	0	-0.685451	
0.853	0.071174	0.0338467	-184.105	20.8164	0.313785	84.2511	0	0	-0.685905	
0.854	0.0709515	0.0341423	-184.055	20.823	0.330146	84.3141	0	0	-0.686205	
0.855	0.0707314	0.0344434	-184.001	20.8247	0.346345	84.3765	0	0	-0.686351	
0.856	0.0705135	0.03475	-183.942	20.8215	0.362379	84.4382	0	0	-0.686344	
0.857	0.0702979	0.0350622	-183.879	20.8133	0.378245	84.4993	0	0	-0.686184	
0.858	0.0700844	0.03538	-183.81	20.8001	0.393941	84.5598	0	0	-0.68587	
0.859	0.0698731	0.0357033	-183.737	20.7821	0.409464	84.6197	0	0	-0.685402	
0.86	0.0696638	0.0360321	-183.658	20.7591	0.424811	84.6789	0	0	-0.684781	
0.861	0.0694565	0.0363664	-183.575	20.7312	0.43998	84.7376	0	0	-0.684007	
0.862	0.0692511	0.0367062	-183.487	20.6984	0.454968	84.7956	0	0	-0.68308	
0.863	0.0690475	0.0370515	-183.394	20.6607	0.469773	84.8531	0	0	-0.681999	
0.864	0.0688457	0.0374022	-183.297	20.6181	0.484392	84.91	0	0	-0.680766	
0.865	0.0686455	0.0377583	-183.195	20.5707	0.498822	84.9663	0	0	-0.67938	
0.866	0.068447	0.0381197	-183.087	20.5183	0.513062	85.022	0	0	-0.677841	
0.867	0.0682499	0.0384865	-182.975	20.4612	0.527108	85.0771	0	0	-0.676151	
0.868	0.0680542	0.0388586	-182.859	20.3992	0.540959	85.1317	0	0	-0.674308	
0.869	0.0678598	0.0392359	-182.738	20.3324	0.554612	85.1857	0	0	-0.672315	
0.87	0.0676666	0.0396184	-182.611	20.2608	0.568065	85.2391	0	0	-0.67017	
0.871	0.0674745	0.0400061	-182.481	20.1845	0.581315	85.2919	0	0	-0.667874	
0.872	0.0672833	0.0403988	-182.345	20.1034	0.59436	85.3442	0	0	-0.665429	
0.873	0.067093	0.0407966	-182.205	20.0175	0.607198	85.3959	0	0	-0.662834	
0.874	0.0669034	0.0411993	-182.06	19.927	0.619827	85.4471	0	0	-0.66009	
0.875	0.0667144	0.0416069	-181.911	19.8318	0.632245	85.4978	0	0	-0.657197	
0.876	0.0665259	0.0420194	-181.757	19.7319	0.644449	85.5478	0	0	-0.654156	
0.877	0.0663377	0.0424366	-181.599	19.6274	0.656438	85.5974	0	0	-0.650968	
0.878	0.0661497	0.0428585	-181.436	19.5183	0.66821	85.6464	0	0	-0.647633	
0.879	0.0659619	0.043285	-181.268	19.4046	0.679762	85.6949	0	0	-0.644153	
0.88	0.0657739	0.043716	-181.096	19.2864	0.691092	85.7428	0	0	-0.640527	
0.881	0.0655858	0.0441514	-180.92	19.1637	0.7022	85.7903	0	0	-0.636756	
0.882	0.0653973	0.0445911	-180.739	19.0365	0.713083	85.8372	0	0	-0.632842	
0.883	0.0652083	0.0450351	-180.553	18.9049	0.723738	85.8835	0	0	-0.628785	
0.884	0.0650187	0.0454832	-180.364	18.7689	0.734165	85.9294	0	0	-0.624586	
0.885	0.0648282	0.0459353	-180.17	18.6284	0.744362	85.9748	0	0	-0.620246	
0.886	0.0646369	0.0463913	-179.971	18.4837	0.754327	86.0196	0	0	-0.615765	
0.887	0.0644444	0.0468512	-179.769	18.3346	0.764058	86.064	0	0	-0.611146	
0.888	0.0642507	0.0473147	-179.562	18.1813	0.773554	86.1078	0	0	-0.606388	
0.889	0.0640555	0.0477817	-179.351	18.0238	0.782813	86.1512	0	0	-0.601493	
0.89	0.0638588	0.0482522	-179.136	17.8621	0.791834	86.194	0	0	-0.596461	
0.891	0.0636603	0.048726	-178.917	17.6963	0.800616	86.2364	0	0	-0.591295	
0.892	0.0634599	0.0492029	-178.694	17.5263	0.809156	86.2783	0	0	-0.585995	
0.893	0.0632575	0.0496829	-178.466	17.3523	0.817454	86.3197	0	0	-0.580562	
0.894	0.0630528	0.0501658	-178.235	17.1743	0.825508	86.3606	0	0	-0.574998	
0.895	0.0628458	0.0506514	-178	16.9924	0.833317	86.401	0	0	-0.569303	
0.896	0.0626362	0.0511395	-177.76	16.8065	0.840881	86.441	0	0	-0.563479	
0.897	0.0624238	0.0516301	-177.517	16.6167	0.848197	86.4805	0	0	-0.557528	
0.898	0.0622086	0.052123	-177.27	16.4232	0.855264	86.5196	0	0	-0.55145	
0.899	0.0619903	0.052618	-177.02	16.2258	0.862082	86.5582	0	0	-0.545248	
0.9	0.0617688	0.0531149	-176.765	16.0248	0.86865	86.5963	0	0	-0.538922	
0.901	0.0615439	0.0536135	-176.507	15.8201	0.874966	86.634	0	0	-0.532473	
0.902	0.0613155	0.0541138	-176.246	15.6117	0.88103	86.6713	0	0	-0.525904	
0.903	0.0610833	0.0546154	-175.98	15.3998	0.886842	86.7081	0	0	-0.519216	
0.904	0.0608473	0.0551183	-175.711	15.1844	0.892399	86.7444	0	0	-0.512411	
0.905	0.0606072	0.0556221	-175.439	14.9655	0.897701	86.7804	0	0	-0.505489	
0.906	0.0603629	0.0561269	-175.163	14.7432	0.902749	86.8159	0	0	-0.498453	
0.907	0.0601143	0.0566322	-174.884	14.5176	0.90754	86.8509	0	0	-0.491304	
0.908	0.0598612	0.057138	-174.602	14.2886	0.912075	86.8856	0	0	-0.484044	
0.909	0.0596034	0.057644	-174.316	14.0565	0.916353	86.9198	0	0	-0.476675	
0.91	0.0593407	0.05815	-174.027	13.8211	0.920374	86.9536	0	0	-0.469199	
0.911	0.0590731	0.0586559	-173.735	13.5827	0.924137	86.987	0	0	-0.461616	
0.912	0.0588004	0.0591613	-173.44	13.3412	0.927641	87.02	0	0	-0.45393	
0.913	0.0585224	0.0596661	-173.141	13.0966	0.930887	87.0526	0	0	-0.446141	
0.914	0.058239	0.06017	-172.84	12.8492	0.933875	87.0847	0	0	-0.438253	
0.915	0.0579501	0.0606729	-172.536	12.5989	0.936603	87.1165	0	0	-0.430266	
0.916	0.0576554	0.0611744	-172.228	12.3457	0.939073	87.1479	0	0	-0.422182	
0.917	0.057355	0.0616744	-171.918	12.0898	0.941284	87.1789	0	0	-0.414004	
0.918	0.0570485	0.0621726	-171.606	11.8312	0.943235	87.2095	0	0	-0.405734	
0.919	0.056736	0.0626688	-171.29	11.57	0.944928	87.2398	0	0	-0.397373	
0.92	0.0564174	0.0631627	-170.972	11.3063	0.946361	87.2696	0	0	-0.388924	
0.921	0.0560923	0.063654	-170.651	11.04	0.947536	87.2991	0	0	-0.380389	
0.922	0.0557609	0.0641426	-170.328	10.7713	0.948453	87.3282	0	0	-0.371769	
0.923	0.0554228	0.0646282	-170.002	10.5002	0.949111	87.357	0	0	-0.363068	
0.924	0.0550782	0.0651105	-169.674	10.2269	0.949512	87.3854	0	0	-0.354287	
0.925	0.0547267	0.0655892	-169.344	9.95127	0.949655	87.4134	0	0	-0.345428	
0.926	0.0543684	0.0660642	-169.011	9.67351	0.949542	87.4411	0	0	-0.336494	
0.927	0.0540032	0.0665351	-168.676	9.39366	0.949172	87.4684	0	0	-0.327487	
0.928	0.0536309	0.0670016	-168.339	9.11178	0.948546	87.4954	0	0	-0.318409	
0.929	0.0532515	0.0674636	-168	8.82794	0.947665	87.522	0	0	-0.309262	
0.93	0.0528648	0.0679207	-167.659	8.54221	0.94653	87.5483	0	0	-0.30005	
0.931	0.0524709	0.0683726	-167.316	8.25466	0.945141	87.5743	0	0	-0.290773	
0.932	0.0520696	0.0688192	-166.971	7.96536	0.943499	87.5999	0	0	-0.281435	
0.933	0.051661	0.06926	-166.624	7.67438	0.941606	87.6252	0	0	-0.272038	
0.934	0.0512448	0.0696949	-166.275	7.3818	0.939461	87.6502	0	0	-0.262584	
0.935	0.0508211	0.0701236	-165.925	7.08767	0.937067	87.6748	0	0	-0.253076	
0.936	0.0503899	0.0705457	-165.573	6.79208	0.934424	87.6992	0	0	-0.243516	
0.937	0.049951	0.0709611	-165.22	6.4951	0.931533	87.7232	0	0	-0.233906	
0.938	0.0495045	0.0713694	-164.865	6.19679	0.928395	87.7469	0	0	-0.22425	
0.939	0.0490503	0.0717703	-164.509	5.89723	0.925012	87.7703	0	0	-0.21455	
0.94	0.0485884	0.0721636	-164.151	5.59649	0.921385	87.7934	0	0	-0.204807	
0.941	0.0481188	0.0725489	-163.792	5.29465	0.917516	87.8162	0	0	-0.195025	
0.942	0.0476415	0.0729261	-163.432	4.99178	0.913405	87.8388	0	0	-0.185207	
0.943	0.0471564	0.0732948	-163.071	4.68795	0.909055	87.861	0	0	-0.175354	
0.944	0.0466635	0.0736547	-162.709	4.38323	0.904467	87.8829	0	0	-0.16547	
0.945	0.046163	0.0740056	-162.345	4.0777	0.899642	87.9046	0	0	-0.155556	
0.946	0.0456547	0.0743471	-161.981	3.77143	0.894582	87.926	0	0	-0.145616	
0.947	0.0451387	0.0746791	-161.616	3.4645	0.88929	87.9471	0	0	-0.135652	
0.948	0.044615	0.0750012	-161.251	3.15698	0.883765	87.9679	0	0	-0.125666	
0.949	0.0440837	0.0753131	-160.884	2.84894	0.878012	87.9884	0	0	-0.115662	
0.95	0.0435448	0.0756146	-160.517	2.54046	0.87203	88.0087	0	0	-0.105642	
0.951	0.0429983	0.0759054	-160.149	2.23161	0.865823	88.0287	0	0	-0.095608	
0.952	0.0424442	0.0761852	-159.781	1.92247	0.859393	88.0485	0	0	-0.0855633	
0.953	0.0418827	0.0764537	-159.412	1.6131	0.85274	88.068	0	0	-0.0755102	
0.954	0.0413138	0.0767108	-159.044	1.3036	0.845868	88.0873	0	0	-0.0654515	
0.955	0.0407375	0.076956	-158.674	0.99402	0.838779	88.1062	0	0	-0.0553896	
0.956	0.040154	0.0771892	-158.305	0.684446	0.831475	88.125	0	0	-0.0453273	
0.957	0.0395633	0.07741	-157.935	0.374951	0.823957	88.1435	0	0	-0.0352672	
0.958	0.0389654	0.0776183	-157.566	0.065609	0.816229	88.1618	0	0	-0.0252118	
0.959	0.0383606	0.0778137	-157.196	-0.243506	0.808293	88.1798	0	0	-0.0151637	
0.96	0.0377488	0.0779961	-156.826	-0.552321	0.800152	88.1976	0	0	-0.00512557	
0.961	0.0371302	0.078165	-156.457	-0.86076	0.791806	88.2151	0	0	0.00490003	
0.962	0.0365049	0.0783204	-156.088	-1.16875	0.78326	88.2325	0	0	0.0149105	
0.963	0.0358729	0.078462	-155.719	-1.47622	0.774516	88.2496	0	0	0.0249033	
0.964	0.0352345	0.0785894	-155.35	-1.78308	0.765576	88.2665	0	0	0.0348759	
0.965	0.0345897	0.0787025	-154.982	-2.08928	0.756443	88.2831	0	0	0.0448257	
0.966	0.0339386	0.0788011	-154.615	-2.39474	0.74712	88.2995	0	0	0.0547501	
0.967	0.0332815	0.0788849	-154.247	-2.69937	0.737609	88.3158	0	0	0.0646467	
0.968	0.0326183	0.0789536	-153.881	-3.00312	0.727914	88.3318	0	0	0.074513	
0.969	0.0319493	0.0790071	-153.515	-3.3059	0.718036	88.3476	0	0	0.0843463	
0.97	0.0312747	0.0790451	-153.15	-3.60765	0.70798	88.3632	0	0	0.0941443	
0.971	0.0305945	0.0790674	-152.786	-3.90829	0.697747	88.3785	0	0	0.103905	
0.972	0.0299089	0.0790739	-152.423	-4.20774	0.687342	88.3937	0	0	0.113624	
